id,name,old,new
0031dada-61a2-4080-979c-bc44086bdf88,"Capacet Ff391 Chicago Bulls Red 58 M Norisk",58 m,
003dea5c-f55f-4a2e-81a2-6e08cf911dfc,"Espeto de Madeira Churrasco e Cia Ninha 25cm C/100 Unidades",0.25 m,100 un
00709f67-2499-4bde-8c38-d5f8e4a07d79,"Grelha Inox Utimil Moeda 37x48cm para Churrasco",0.48 m,
0088e3f4-335c-425c-98f6-422986edd80c,"Prato descartável Bompack Festas Rosa 15cm 10 unidades",0.15 m,10 un
00a12ff9-55c6-4196-81a8-8feca4a78375,"Chá de Erva Doce Dr. Oetker 10 Unidades - 10g",10 g,
00f727f1-4839-4dfa-828c-d41f4df937a4,"Adidas Performance Men's Adilette Chicago Bulls Sandals,vivid Red/black/red,10 M Us",10 m,
0106599a-43ec-4f9e-aa18-9a8f7744ad0a,"Rodo De 30cm Cristal",0.3 m,
0158a440-b851-48c3-b7d5-2babe04e3778,"Guardanapo De Papel Dadu 22x18cm C/100un",0.18 m,100 un
018efc82-a180-42d8-b319-fb6b9721ddf2,"Sacola Vermelha 23,5x31,5cm",0.32 m,
01a34f96-d9a6-437f-908a-01a1081c80de,"**cerveja Skol Lata 269ml C/15un",269 ml,
01c472eb-200e-4eed-8d0a-d041726eff71,"Margarina Delícia 500g com sal Leve 02 unidades + 01 Pote Exclusivo",500 g,
01ee851b-74c2-411f-b5e0-885e70a84057,"Sobremesa Láctea Flan Calda de Caramelo Batavo Bandeja 200g 2 Unidades",200 g,
0229ac66-40ce-49b6-bb71-86ac834d71ff,"Vela Paraná n3 com 8 unidades 10g",10 g,80 g
0237733f-8da9-4678-befe-66b30bd82a0b,"Esponja Automotiva Meg18x11x6cm",0.06 m,
025b8783-e49b-4ce7-9703-fe8a40d63d0f,"Prato Raso Menu 5543 Nadir 26,5cm",0.27 m,
025f815d-47eb-434f-b498-1a2fb1a1491a,"Pack Chopp Pilsen Brahma Lata 18 Unidades 350ml Cada",350 ml,6300 ml
0284b4fb-84e5-47da-a98c-6e223df70db0,"Ampola De Tratamento Capilar Pantene Pro-Shot Reestruturação Molecular Caixa 3 Unidades 15ml Cada",15 ml,45 ml
030dd74c-2ac2-4aec-a2e5-35802eeccb89,"Saco Lixo Reforçado Rolo Preto Embalixo 50L 50un.",50000 ml,50 un
03314880-5dc6-4b1a-b695-1962346e267f,"Copo Descartáveç Copobras PP 50ml Com 100 unidades",50 ml,100 un
036e4381-f54a-4d6c-ae5c-95ae5dcc2e29,"Lençol Casal Avulso Sortido Burdays 2,10x2,40m",2.4 m,
0381cccb-f1ce-45e3-86fb-303d4f51d2a4,"Post-it 3M Tropical c/50 Folhas",3 m,
039ccbd9-96c7-4bdb-a33a-14f51dfe03fa,"Bala Halls Melancia Caixa Com 21 Unidades De 28g",28 g,588 g
03a82c6b-392f-401c-bd87-fcd04f8efffc,"Sacola C/Alca Transparente 20x25x7cm Ydh",0.07 m,
04007ea9-b1fb-49c6-8ade-3103a53822dd,"Iogurte Nestlé Ninho Polpa de Morango, Salada de Frutas e Maçã e Banana 540G com 6 unidades",540 g,3240 g
0414f896-aff1-449a-aca0-fd45eb5ca7d5,"Super Pano Multiuso Scotch-Brite 29cm x 29cm",0.29 m,
044ae854-8e81-4271-8957-201d6e071e54,"Guardanapo de Papel Elite com 50 Folhas Duplas Tamanho 23,5x24cm",0.24 m,
0456776d-3ad3-48db-87ce-21a1abb7842c,"Rodo Zapelim 40cm",0.4 m,
045ef5a9-7786-4c4c-bcbd-117414494be9,"Prato Plástico Branco Valves Festas 15cm C/10 Unidades",0.15 m,10 un
04865af3-bf73-4a19-bd53-4a870a0f94db,"Capa de Colchão Casal Burdays 1,88x1,38x30cm",0.3 m,
04c7970c-534c-4421-86ba-f2342aa7a91e,"Manta Microfibra Canelada VGHome Casal 1,8x2m",2 m,
04d14c83-42d0-4149-b295-ca51376e4952,"Saco Para Lixo 30l Utilix 30 Unidades",30000 ml,30 un
04d721ff-2c04-40ef-9b02-1e63e3cf389b,"Embrulha Fácil Alumínio Wyda 27x30cm C/150 Unidades",0.3 m,150 un
0515f0a8-81f9-481d-9dd8-391ca9b81253,"Espet Churr Mor Duplo 75cm",0.75 m,
053f6661-cf42-4ee2-8ee7-0d8d3c53a0e5,"Colar Elizabetano N02- 21cm",0.21 m,
05a2f1cb-1b1f-4bda-901e-2123e7f68537,"Creme Dental Colgate Total Whitening 90g Com 3 Unidades Preço especial",90 g,270 g
05cb2d7d-5154-4643-9609-26c02ccad14e,"Bobina Picotada 29x39cm Rioplastic 500 Unidades",0.39 m,500 un
05ebe027-ff20-4866-9e34-75b15da8368e,"Pano Prato Moldura 66x42cm",0.42 m,
060ffd66-d3e9-46c6-b37e-b91b3cac4d24,"Chá Preto Chá Leão Caixa 16g 10 Unidades",16 g,
061e3d45-2cc8-4bf5-8921-bdaa73dc2c42,"Ventilador de Mesa Ventisol Turbo 6 40cm 127V/220V",0.4 m,
061ea4fd-1326-4887-9d26-a7e556a9cf17,"Leite Fermentado Integral Morango Activia Bandeja 340g C/4 Unidades",340 g,1360 g
067ad477-77cb-42c7-9e2c-0bd7c656f778,"Chá Preto Frutas Vermelhas Chá LeãO Caixa 25g 10 Unidades",25 g,
06b201f6-8240-472e-8c9e-718af21b4491,"Bandeja Perola Media 25x14cm",0.14 m,
06cf6698-f283-4017-bcee-8ca23057aeeb,"Prato de Vidro para Bolo Bohemia Inga 30cm",0.3 m,
0701622d-cb1d-4262-87c0-74fb2ad570e6,"Fruteira de Vidro com Pé Brasília Burdays 20cm",0.2 m,
070ffb17-86aa-4738-abc0-94674163737c,"Chá Verde Hortelã Twinings Caixa 20g 10 Unidades",20 g,
07783579-4a08-48ce-abe8-e66007c39465,"Odorizador Automático Glade Noronha e Bonito 260ml Com 2 Unidades Refil",260 ml,520 ml
077fed63-344b-420c-bcaa-c66556734bf5,"Café em Cápsula Espresso Santorini Sunset L'or Destinations Caixa 52g C/10 Unidades",52 g,520 g
07a47550-eb23-48ea-b815-3b46dca223fb,"Goma de Mascar Trident Blueberry 14 Unidades 25,2g",25.2 g,
07eea273-b40b-4884-9b45-afb5c3fc72e8,"Pano De ChãO Esfrebom Alta Performance 50cm X 60cm",0.6 m,
0825b9ef-430d-4dd9-bb49-5675467b8345,"Jogo de Xícaras de Café de Vidro Stan Roo Burdays 90ml 6 Unidades",90 ml,6 un
08300d6a-ed69-4b33-b8ce-c31c68cdf6af,"Chocolate Snickers Branco 20 Unidades de 42g",42 g,840 g
08747974-ac2e-4d9f-8995-52bb2a64727c,"Paçoquita Diet Santa Helena 22g 24 Unidades",22 g,
08f98ff9-2612-4536-926c-badef0879310,"Faca Wunderhaus em Aço Inox 21cm",0.21 m,
0904a007-ee2e-444e-9b19-795031d9ac6d,"Copo de Plástico Strawplast 300ml C/10 Unidades",300 ml,10 un
0982c825-4000-4911-b23e-a224faac809a,"Goma de Mascar Trident Tutti Frutti 14 Unidades 25,2g",25.2 g,
09a14f61-0f13-423a-a79d-eba2a34a0a8a,"Tigela de Inox Silver - 25cm",0.25 m,
09c00858-559f-4670-8a88-ba0e2a4b086c,"Petisco para Cães Adultos Raças Médias Pedigree Dentastix Pacote 77g 3 Unidades",77 g,
09d6e6d9-9f59-45e0-aa36-7fdc7c1cab7c,"Rodo Rodofort Madeira 40cm 12x1 | Rodo Madeira 40cm",0.4 m,
0a1ece38-bc64-4981-bd24-b786446b8b20,"Brinquedo Carro Vinil Soft Kart Samba Toys 13cm",0.13 m,
0a2651fd-36b1-4e27-b534-2e2aeeed7f92,"Rodo Max Rodo Alumínio 80cm Refil 1 UN",0.8 m,1 un
0b0e6969-313a-4247-8e86-ddf9a4a9155c,"Kit Espumantes Moscatéis Momentos Únicos Monte Paschoal 561ml C/3 Unidades",561 ml,1683 ml
0b6d5e06-b719-46a3-b6e8-2e2cb753ccea,"Rodo Enxugao 55cm",0.55 m,
0b9a6636-711b-4336-bc20-6f324b866a30,"Bebida Láctea Fermentada Morango Vigor Bandeja 480g C/6 Unidades",480 g,2880 g
0bb1a31c-6737-4f7c-b57b-67a7221e35fe,"Guardanapo Folha Dupla Halloween Castelo 33X33cm",0.33 m,
0bb39172-3317-4d1c-9da9-eca1dc9e58f4,"Ketchup Hellmann's 380g Com 2 Unidades Leve Mais Pague Menos",380 g,760 g
0bb6491d-9abd-45a2-9248-408a92a8e5ba,"Quadro Decorativo Recordacoes 50cm 27122 Yangzi",0.5 m,
0be2914a-bda8-4440-8ed8-dd6080c5f640,"Qj Proc Polenguinho 68g Trad C/4",68 g,272 g
0c2716dd-750a-4b70-bc2f-9c5f1c5231a5,"Cápsula de Café Torrado e Moído Caffè Matinal Nescafé Dolce Gusto 80g 10 Unidades",80 g,
0c6a89d4-dc15-447f-964d-8ff61c728220,"Conjunto de Copos Oca Nadir 300ml 6 Unidades",300 ml,6 un
0c6bf73c-c798-4399-89b0-b3d34e616eae,"Sabonete em Barra Dove Erva Doce 90g 6 Unidades",90 g,
0c9d344f-f431-478b-83b7-7108095500d2,"Porta Queijo de Bambu Uni Lar c/Tampa 18cm x 24cm",0.24 m,
0cd4047c-7a2e-4abe-a9d3-09b88bbfd307,"Chá Verde LimãO-Siciliano CháS Real Caixa 15g 10 Unidades",15 g,
0cf6f7bf-e805-452d-a402-5bf70e0159ef,"Pack Refrigerante Guaraná Antarctica Lata 18 Unidades 350ml Cada Leve Mais Pague Menos",350 ml,6300 ml
0d2501e9-f562-4726-b28e-ea99224fdc28,"Cerv Heineken Long Neck 330ml - Caixa C/24",330 ml,7920 ml
0d45ef7d-ba7a-4487-9f39-f8e06e1a0e86,"Saco Freezer Dover Roll Com 50 3l 23x38cm",0.38 m,3000 ml
0d75a5ce-1469-473a-8def-880fcef43389,"Leite Fermentado Desnatado Morango Triplo Zero Activia Bandeja 510g C/6 Unidades",510 g,3060 g
0dc1e223-7644-4c4d-b2fc-d4a3f8da9830,"Petisco para Cães Adultos Raças Pequenas Pedigree Dentastix Pacote 45g 3 Unidades",45 g,
0dd774ab-f86d-4289-b5e0-3f518ccae7b8,"Chiclete Trident Morango Sem Açúcar 8g - Embalagem com 5 unid.",8 g,40 g
0ddff1b7-9f80-433d-a140-3b0fe6bd98b7,"Refrigerante Sem Açúcar Emb. Eco. Pack C/ 6 Unid. 350ml Coca Cola",350 ml,2100 ml
0e233665-0e0f-4ae9-943a-29baeb8d8db9,"Cerveja Brahma Lata 350ml C18un",350 ml,
0e89411a-dc76-45e8-972b-99d1b5837273,"Bala Halls Extra Forte Caixa Com 21 Unidades De 27,5g",27.5 g,577.5 g
0eacae1c-5924-4cbd-8889-8ebc61437ef6,"Refrigerante 1l 2 Und - Guarana",1000 ml,
0f4080bf-918b-406d-bd87-73aaca34c8c9,"Pao Sirio Gergelim Pequeno 500g. C/10",500 g,5000 g
0fae2525-5668-4ad1-a98f-a1ac46b61e08,"Toalha para Banho Cristal Teka 76x150cm - Sortida",1.5 m,
0faf5894-3897-4fbd-b1bf-c8161147f7c7,"Pote Ret Prafesta 250ml C/tampa 24un",250 ml,
0fb7311f-de6f-4659-b4d9-19b766689331,"Guardanapo De Papel Pegg C/50 20x23cm",0.23 m,
0fbc42ef-9bc5-47bb-bbd4-a6f2d4deb06e,"Faca De Serra Inox 33cm Grande Torta PãO Bolo Serrilhada Tramontina",0.33 m,
0fcf4895-1e45-4114-a6a4-98df18695ef3,"Pano de Copa Teka Art Teka 45x70cm",0.7 m,
0fe22be4-7f91-4b99-b21c-022968d5d27d,"Tapete TEKA Lucca 46cm x 70cm",0.7 m,
0fec3f9d-a58d-42fa-b38b-6591a0cf5d80,"Saco Kraft Elos 2kg 17 cm x 27 cm 500 unidades",0.27 m,500 un
10067dfb-9ef2-4769-97e4-10b9b6f9de4a,"CX Heineken Long Neck 330ml C 6 UN",330 ml,
1026cbb7-a60d-4f4b-b379-6c75d41c73ca,"Tábua de Corte de Bambu com Cabo - Vemax 37x15 cm",0.15 m,
10409dcf-85df-4002-9c3b-45b24a0c4582,"Adoçante Líquido Zero Cal 100ml Sucralose 50%Desconto 2 Unid",100 ml,
1077c3a9-47b7-45b5-9c4a-65a0045d7a97,"Mini Pregador Madeira Colorido 2,5cm Kit C/12 Pct 30un",0.03 m,30 un
10e2d1ba-f980-415c-851c-ab32e3c3bb0d,"Frigideira antiaderente francesa Panelux Magnific 22cm",0.22 m,
10efc58d-9038-48ca-b5b5-a23e9419fe1a,"Heineken Long Neck 330ml Cx/6 UN Gelada",330 ml,
111524d2-ef0d-44d8-bffd-e207253075e6,"Protetor Solar Cenoura&bronze Fps50 110m",110 m,
113bbc94-f486-416d-9466-4daafa0ae0ba,"Bebida Láctea Fermentada Morango e Coco Itambé Bandeja 540g C/6 Unidades",540 g,3240 g
11beb2a9-2f4a-4e60-8472-6aba3a4b6426,"Saca Rolha Brinox Preto 17,5cm",0.18 m,
122fb624-385a-4b64-9e45-e16868636163,"Pack Barra Cereal Bolo de Chocolate Nutry Pacote 66g 3 Unidades",66 g,
128be140-5de8-41ee-887e-f41bfef81e84,"Chocolate Stikatidnho Neugebauer 12,3g 32 Unidades",12.3 g,
12c2b85d-082d-45ca-8f8b-1972fa3163c6,"Odorizante Bom Ar Difusor Elétrico Refil 16ml com 2 Unidades",16 ml,32 ml
12d98a72-0b5e-4daf-9823-4e434eb2b62a,"Pepsi Cola 2l C 6un",2000 ml,
12fb93e3-6760-43c1-add8-3d405a9a3d6f,"Chocolate ao Leite Garoto Baton 16g 30 Unidades",16 g,
130533bb-833f-49b2-bc04-fd1b65d29b66,"Biscoito de Arroz Camil Chia e Linhaça 90g 5 unidades",90 g,
131b9334-9d3f-4e8e-a08e-6caa692ce9a2,"Bold Wafer Chocolate Ao Leite 40g (Caixa 12 Unid.)",40 g,
13250e59-8fd5-4e82-a52d-64ac9523abd7,"Tempero Pó para Feijão Knorr 50g 10 Unidades",50 g,
1329f877-19e3-4fda-afc4-49b80f178405,"Leite Fermentado Desnatado Uva Bob Esponja Batavo 80g 6 Unidades",80 g,
1335f498-f370-4bbc-b4ee-7a245dd50274,"Travesseiro Aloe Vera Branco Burdays 50x70cm",0.7 m,
133a628d-3e96-44ab-a8c2-a10caec954bd,"Prato Plástico Rosa Valves Festas 15cm C/10 Unidades",0.15 m,10 un
135093cc-913a-43f8-a179-7c4bb1d8f1f4,"Macarrão Instantâneo Lámen Mix Tradicional Panco Pacote 340g C/04 Unidades",340 g,1360 g
1351b9b3-ec2c-4ec8-a643-2aa1fb698305,"Torrada De Arroz Integral Orgânica Quinoa E Linhaça Okoshi Pacote 75g 24 Unidades",75 g,
13681fd0-aeff-4c97-9725-a2b035490471,"Detergente Ypê Neutro 500ml 6un. 10% Desconto",500 ml,
13759918-e3b2-459f-96e0-4a7190ebbcfe,"Pack Sobremesa Láctea Chocolate Nestlé Chandelle Bandeja 720g 8 Unidades Leve Mais Pague Menos",720 g,
137c3c58-9969-4f76-946d-363ccab3dc81,"Prato Raso 100% Porcelana Azul Perola Inga 24cm",0.24 m,
139374e8-70cc-4306-9575-fb8ed67d890e,"Sacola Pap Pres 32x26x12cm C Etiq Vermelha",0.12 m,
13b20d04-3d30-48d9-8946-241a6c86fb7d,"Hamburgueira EpsCh001 100un 138X138X68m",68 m,100 un
13f9a2e8-38a1-4f69-ad39-cc0ced5c94e4,"Sobremesa Láctea Chocolate Chandelle Nestlé Bandeja 180g C/2 Unidades",180 g,360 g
145026aa-9e90-48a8-8357-1c53b773afee,"Saco Freezer Wyda C/100 22,5x37 Cm",0.37 m,
1473804b-3c16-4470-995d-4dc131517648,"Caderno Cd Univ Lunix 10m 160f",10 m,
14cf9486-3632-4cb5-a084-fed4a755a719,"Chá Verde Twinings Caixa 20g 10 Unidades",20 g,
14d29111-6ebb-4689-8ced-8d011fa6cf8b,"Rodo Zapelim 30cm",0.3 m,
14e5dd12-9de4-4866-8875-7df205b9872e,"Caldo Em Pó Sazon Estojo 4/5 Unidades 32,3g",32.3 g,
1521b98f-bd83-43cb-9389-7230b0d0a857,"Pack Cerveja Pilsen Skol Lata 12 Unidades 350ml Cada",350 ml,4200 ml
154991a3-1471-4b75-b2cb-0ce13712fe1a,"Vitamina C Gengibre, Mel e Limão Melagrião Lata 33g C/20 Unidades",33 g,660 g
15adab0c-5d23-40b6-ac5d-d7c1fee9003e,"Extensão Elétrica Preta Cordão Paralelo Megatron 3m",3 m,
15c70f22-03e3-40ac-881d-0f65cde9131e,"Chá Mate LimãO Matte LeãO Caixa 30g 25 Unidades",30 g,
1648a19d-1603-4b23-a23c-63fd441853b1,"Refrigerante Emb. Econômica Pack C/ 6 Unid. 350ml Coca Coca",350 ml,2100 ml
16558ca5-7994-406f-a047-c7a4431de3e8,"Cápsula de Café Espresso Gourmet Canecão 5g 10 unidades",5 g,
1655d69d-86bc-413a-b416-45ffe38a3891,"Limpador Banheiro Lavanda Veja 500ml Com 24un",500 ml,12000 ml
16e3f732-0f6b-458b-aec8-f0b407bc324d,"Limpador Perfumado Uau 1L C/ 20% De Desconto Flores Vermelhas E Sedução",1000 ml,20000 ml
16fe7434-0ab0-49bb-9b2e-09940ec1f5b1,"Papel Toalha Jundfolhas Interfolhada 21x23cm",0.23 m,
17144e85-0956-41b2-8c34-4f6be0097f65,"Desodorante Roll On Giovanna Baby 50ml L2 50%Des 2 Unid Blue",50 ml,
17704377-8b46-494f-afa8-f1a418cc8bb5,"Grelha Dupla Gaúcho Grill Grilazer 36cm x 50cm",0.5 m,
17806371-1c09-4b48-9fef-8f74d3d9ba2c,"Kit Vanish Tira Manchas c/2 1,5L Emb. Leve Mais Pague Menos",1500 ml,3000 ml
17931cae-f79d-4dc2-a922-add92bf11f5a,"Ketchup Heinz Sachê 7g 144 Unidades",7 g,1008 g
17e48770-1884-4503-ae68-16e43ff30fd3,"Saco De Lixo Tipo C 50l Nosso Roll 10 Unidades",50000 ml,
1802d244-af87-4510-8f1a-80570b594d6f,"Torrada Tradicional Adria Pacote 284g 2 Unidades Emb Econôm",284 g,
18152e29-410e-4f9c-8fd5-ef6f746b8c78,"Toalha Rosto Nice Petunia Teka 45x75cm",0.75 m,
183ceded-2cec-43b4-9cab-2d32f1973ef6,"Espeto Bambu Nozinho 15cm Wyda Pacote 50 Unidades",0.15 m,50 un
184d10ee-d676-4af6-9ea7-0160dbcc1aaf,"Rodo Plastico 30cm",0.3 m,
18542dd6-96af-4686-a12f-6f418e448bf4,"Leite Fermentado Integral Activia com Aveia, Mamão e Cereais - 680g (8 Unidades)",680 g,
1859499d-a23b-4745-923e-24169ec2524e,"Pano De Limpeza Multiuso Microfibra 35x40cm 7896566950124",0.4 m,
1864f7f0-363d-47b0-abac-3662347c9f11,"Café em Cápsula Torrado e Moído Cerrado Mineiro 3 Corações Caixa 50g 10 Unidades",50 g,
189a619f-cda7-400b-a1ae-926cea92d60d,"Desodorante Rollon Class Giovanna Baby 50ml Promoção 2un",50 ml,
18be1b47-736f-4073-b86f-e7c66d4d198b,"Saco de Algodão Alvejado Fort Limp 65cm x 44cm",0.44 m,
18ff593e-1a71-402c-b85d-e50a62a40278,"Desodorante Roll-On Rexona V8 - 2 Unidades de 50ml cada",50 ml,100 ml
1927751f-0879-4a28-b066-38cfe40ae554,"Sobremesa Láctea Flan Calda de Caramelo Batavo Bandeja 200g 2 Unidades",200 g,
1928ac11-fc7d-4d8d-afce-96646482ba71,"Sobremesa Láctea Flan Calda de Caramelo Batavo Bandeja 200g 2 Unidades",200 g,
195db803-69e9-4dcf-b1ab-1fd946dc405f,"Copo Plástico Rosa Valves Festas 200ml C/10 Unidades",200 ml,10 un
1963852d-3c88-4c96-8612-3755064bc5be,"Filme De Pvc Boreda Transparente 28cm X 15mt",0.28 m,
196d86f6-f7f7-4fc1-8104-ded5ffec2684,"Rodo Brilhus Bettanin 42,5cm",0.43 m,
1a1e6500-e507-4c88-9904-d6f912589dd1,"Bombom Raffaello com 9 Unidades 90g",90 g,810 g
1a2564bd-0d15-45bf-bf27-0b94e70c50d3,"Rodo Plástico Santa Maria 40cm",0.4 m,
1a5e2b7e-caef-4d17-872e-f604ead903e0,"Copo Plástico Branco Bellocopo 50ml C/100 Unidades",50 ml,100 un
1a65df83-f68e-4df1-be6c-8bef4596c7cb,"Copo SM Cairo Nadir Figueiredo 350ml C/6 Unidades",350 ml,6 un
1abd997e-290c-429b-8b25-cee6b57f448b,"Toalha Rosto Luiza Azul Teka 45x70cm",0.7 m,
1ae182e3-4661-40d1-9420-75a0913d0dac,"Assadeira Para Brownies Yangzi 32x26cm",0.26 m,
1b503dcd-226d-425a-ab86-b33858cb1cb4,"Sobremesa Láctea Flan Calda de Caramelo Batavo Bandeja 200g 2 Unidades",200 g,
1b64187a-7c96-4728-9f5e-06d0b918504e,"Molho Barbecue Sachê Predilecta 7g 144 Unidades",7 g,1008 g
1b668a96-506b-43a7-878c-c69b19a57e3b,"Prebiótico em Cápsula Nutrify Pote 210g C/30 Unidades",210 g,6300 g
1bd8f271-54ec-418f-b35b-b817688cce2c,"Saco Lixo Kid Lixo 50l C/10 Unidades",50000 ml,10 un
1c162975-6750-461c-8ea2-091e00897f33,"Pistola Cola Quente 20w127/220 Volts 12x10cm Ydh",0.1 m,
1c4a25a7-4913-4044-8cf8-4f8ff3064934,"Auto Limpa Vidros - 3m",3 m,
1c722eb4-160c-4937-a18a-d9c73a572f25,"Suco Maçã Yakult Caixa 3,6l 18 Unidades",3600 ml,
1c77fccd-1f5d-4c59-a097-d0ea6042c13d,"Adoçante em Pó Sucralose Zero Cal 30g 50 Unidades",30 g,
1c972aa2-3773-4a2c-9a61-884089b311f9,"Pano Prato 48x80cm",0.8 m,
1ca36ad0-b6fc-4730-acce-0a521e957ad7,"Prato Descartável Fundo 21cm Kerocopo 10 Unidades",0.21 m,10 un
1d5e4fea-9589-417e-a1bb-53659e52eee5,"Grelha Ninha em Aço Inox 60cm x 40cm",0.4 m,
1d8f73cd-8ef3-4586-a9d6-1ab545680219,"Tigela Pet Retrátil Silicone 25Cm",0.25 m,
1e0c35b9-57d8-4f16-9852-7c8313f0a224,"Prato Fundo Tramontina Canyon 21cm",0.21 m,
1e5da926-a7e1-4f65-bde1-b6e64f3e13ba,"Hambúrguer Misto Congelado Texas Burguer Seara 56g 36 Unidades",56 g,
1efba27f-239a-471f-8f15-b4e614671213,"Forro Papel Descartável Bompack Redondo Com 25 Unid 16X4,5cm",0.05 m,25 un
1f622040-42da-42e7-a6b4-51cabe7f1937,"Pincel Silicone Catuai Vermelho 26cm",0.26 m,
1f66792f-b95d-45ab-89c5-dd5afaf86ee3,"Zzsunblook Protetor Solar Fps 15 150m",150 m,
1f6b485d-f67d-4ec3-9ddf-36526823081c,"Kit Colcha Queen Burdays 2,20x2,50m 3 Peças",2.5 m,
1f8d1f1c-63e1-4b42-863f-f6f94429d003,"Brahma Chopp Zero Lata 350ml Fd Com 12un",350 ml,4200 ml
1f95a275-f2e4-47d6-93b0-8aac6ebb9e41,"Coelho Minibunny de pelúcia 15cm",0.15 m,
1fb8a72d-32a1-4327-9f0b-f37ad2d7978e,"Tapete Pipoca BENECASA Sortido 38cm x 58cm",0.58 m,
1fb90754-7b98-4de9-ba8a-fc7364f4583a,"Chá de Laranja, Manga e Canela Twinings Of London Infusions Caixa 18g C/10 Unidades",18 g,180 g
1fc3b611-63d8-43e7-a6b2-9a1f9c92a71d,"Guardanapo Biz 14cmx13cm 160 De Papel",0.13 m,
1ffb5281-6a39-4217-970a-1cc16da8ed8f,"Maionese Heinz 400g com 2 unidades",400 g,800 g
202c61e4-7e16-45a4-9af9-d2b94473e171,"Pack Lava-louças Líquido Ypê Squeeze 6 Unidades 500ml Cada Grátis 3 Esponjas Ypê",500 ml,3000 ml
2044e3a3-dfd6-47aa-a626-b606345308aa,"Sabão em Pedra Coco Urca 180g 5 Unidades",180 g,
2046530c-b138-44fd-9e9a-327f5dd1fcea,"Café em Cápsulas LOr Espresso Sontuoso Torrado e Moído - Caixa com 10 Unidades (52g)",52 g,520 g
204d1324-5b9e-4f56-b500-4dc2ce19a01a,"Cápsulas Nescafé Dolce Gusto Caixa C/ 10 Unidades Latte Macchiato 113G",113 g,1130 g
205f69ec-0106-4997-80ca-0f71790bc1a0,"Cerveja Nacional Brahma Chopp Lata 350ml Embalagem 6 UN",350 ml,
20b16db6-8350-4fc2-ad7a-9d7ba99caeac,"Ventilador de Coluna 6 Pás 50cm Turbo Preto Ventisol 220V",0.5 m,
20bb75cc-47ad-4916-a29d-7f3d08fe12fe,"Pack Barra Cereal Avelã e Castanha Cobertura Chocolate Trio Pacote 60g 3 Unidades",60 g,
20e0ae0e-47e3-46e9-b4cf-8aacf915679f,"Sobremesa Láctea Chocolate Chandelle Nestlé Bandeja 180g C/2 Unidades",180 g,360 g
210512c4-f6fe-49ef-a889-ce1496fe0689,"Frigideira Antiaderente Para Ovo Tramontina Turim Preto e Vermelho 13cm",0.13 m,
21488de5-10b7-497a-887a-fd49cb3643ff,"Saco Alvejado com 3un 40X65Cm Cp",0.65 m,3 un
215e877e-b5ee-442d-88c5-8da0c30872a7,"Refrig. Fanta LT 350ml Pack C/6 Laranja",350 ml,2100 ml
21719106-89f2-4e8c-a397-a716d84e0afe,"Sobremesa Láctea Flan Calda de Caramelo Batavo Bandeja 200g 2 Unidades",200 g,
21794c59-f27a-4a26-a8ca-f14ac243b34e,"Rodo Metal 30cm",0.3 m,
2180c3ca-b4a2-44ef-8b64-d41735c15aad,"Copo descartável Bompack Festas Rosa 200ml com 50 unidades",200 ml,50 un
2258e710-286f-4ddc-8524-3d95892aeb47,"AlmôNdega De Carne Bovina E De Frango Congelada PerdigãO Montana Pacote 500g 20 Unidades",500 g,
225ac7fe-6507-4039-9a16-f52dd9a6345f,"Chá Capim-Cidreira Chá LeãO Caixa 25g 25 Unidades",25 g,
227646b0-51b1-4172-8aee-85225fb3c2ca,"Toalha Rosto Luiza Rosa Teka 45x70cm",0.7 m,
22952a9d-f0e2-4af1-aad4-4e77b7162d0f,"Chocolate Ferrero Rocher com 3 Unidades 37,5g",37.5 g,112.5 g
22d07045-d067-4594-aa18-f72fdaf49e7e,"Bebida Láctea Fermentada Morango Itambé Bandeja 540g C/6 Unidades",540 g,3240 g
230f79cd-0db6-4028-8e29-701799196f8d,"Kampo Caps Inhame 50mg C/100 Kampo De Ervas",0.05 g,5 g
2317a977-8670-4506-9997-c9c45b650599,"Hambúrguer Misto Sadia 56g 36 Unidades",56 g,
234ee71f-e6f1-401c-bc0f-cfea37bb212f,"Vitamina D3 em Cápsula Nutrify Pote 33,6g 60 Unidades",33.6 g,
23b28df3-df1d-4bab-8f87-cc3f278e400a,"Paçoca Creme Diet Mindy Caixa 180g C/10 Unidades",180 g,1800 g
23b49556-2e53-4acc-a5c5-5650ac2ab21d,"Cesto para Prendedor Trama Plasútil 21,5x17cm",0.17 m,
23de38bf-8ef6-4e48-b9d7-0acaf6682b03,"Salsicha 26cm Lebon",0.26 m,
24004bbe-3ded-4140-b8c5-7ace128c7a3c,"Jogo Copo Nadir Brisa 300ml Com 6 Unidades",300 ml,6 un
2414306f-e183-4277-9d1a-df8772005168,"Copo Plástico Descartável Bompack Premium 180ml com 100 Unidades",180 ml,18000 ml
241b2c84-76ec-4985-b380-542a5d5cc945,"Corona Cero Sunbrew N LT Sleek 350ml C 8 CX Cartao",350 ml,
244185a8-c0a0-4906-9bdc-14637ee816b7,"Zinco em Cápsula Nutrify Pote 33,6g C/60 Unidades",33.6 g,2016 g
244aa9f3-d84e-458e-8617-7e93ae267635,"Pack Sabonete Barra Buquê De Jasmim Lux Botanicals EnvoltóRio 4 Unidades 85g Cada Leve Mais Pague Menos",85 g,340 g
248d1f41-38ae-486d-87eb-aa6eb222c5ae,"Saco Pp Pao De Hamburg 23x48cm Emar",0.48 m,
24bcf37f-d965-4c88-a8c1-2ec5101e7e12,"Pano De Prato Estampado 40x60cm",0.6 m,
253e9aaf-111e-4e69-8137-7962c2f16a58,"Cerveja Antarctica Original Pack c/12 Latas 350ml",350 ml,4200 ml
254b0082-ffbd-4be1-9710-a10b34d3aeb3,"Guardanapo Dia A Dia 24Cm X 21,8Cm Scott 50 Unidades",0.22 m,50 un
25633e14-8de3-44fe-8cd4-da31131eef35,"Iogurte Parcialmente Desnatado Grego Original + Morango Light Danone 510g 6 Unidades",510 g,
256369eb-8d5b-4e58-b0dd-107a1cb8cb17,"Prato Raso 100% Porcelana Azul Perola Inga 27cm",0.27 m,
257afc26-857c-4524-a4e1-c29c0a3b109c,"Guardanapo de Papel Cameratta com 50 Folhas Simples Tamanho 30x29,5cm",0.3 m,
259ef567-3269-4023-8fdd-e7a0a22b1f4e,"Cerveja Stella Artois Puro Malte 269ml Lata Pack C/8",269 ml,2152 ml
25ab8701-6c82-4862-b6e5-4adaf9930e05,"Prato Descartável Raso 15cm Kerocopo 10 Unidades",0.15 m,10 un
25d6c3b2-aef9-4885-b261-47e89aaf811b,"Prato Descartável Isopor 23cm CPR23 Copobras 25 Unidades",0.23 m,25 un
25e7bf61-b0c5-45df-a328-1e8ccba9d3cc,"Guardanapo de Papel Mili 21x22cm com 50 unidades",0.22 m,50 un
264b5385-3bae-428f-9f63-20aebb41610d,"Bananinha Cremosa Zero Adição de Açúcar Minnas Pacote 156g C/6 Unidades",156 g,936 g
267eae6a-b08a-4324-b004-0def76fd52d9,"Cortina Para Box Plast Leo 1,35m X 1,78m",1.78 m,
2696719c-f6bf-4d36-b24d-f8a22f6a79bf,"Kinder Joy 2 Unidades 40g",40 g,
26a5b649-1a32-46d3-99d4-3be03bd45dbe,"Goma de Mascar Menta Fresca Zero Açúcar Pure Fresh Mentos 8,5g 15 Unidades",8.5 g,
26e74a87-1b7f-46a2-812e-7fd3a777b189,"Forma Retangular Vemax - 37x25 cm",0.25 m,
270a4fc2-a382-49b6-9f68-b6f6a6845fa7,"Chá Erva-Doce Com Mel CháS Real Caixa 20g 10 Unidades",20 g,
274d2adf-d5c2-423a-8151-fa0c32400210,"Sabonete Barra Antibacteriano Dove Cuida & Protege Envoltório 8 Unidades 90g Cada Leve Mais Pague Menos",90 g,720 g
27674685-2375-4899-9783-c19c667f80f7,"Waffle Floresta Negra Stranger Things Forno de Minas Pacote 280g C/8 Unidades",280 g,2240 g
27881b15-f39d-4583-8df3-47055296dab8,"Energético Melancia Baly 473ml - Pack 6 unidades",473 ml,
27d60387-cfff-4d58-8cc3-3bbf99a5210c,"Sobremesa Danette Chocolate Ao Leite 360g 4 unidades",360 g,
27e99500-c089-4702-905f-54e886c113ec,"Mostarda Sachê Predilecta 7g 144 Unidades",7 g,1008 g
27f87b65-2935-4123-b330-aabda8c08dfe,"Amendoim Colorido 60g Cx C/32un",60 g,
281a53e8-b606-4a17-9151-a9954f148206,"Chá Abacaxi e Hortelã Leão 25g 10 Unidades",25 g,
2825d651-a8ae-438a-9d6c-5bdf29e38f10,"Guardanapo de Papel Kitchen com 50 Folhas Simples Tamanho 30x29,8cm",0.3 m,
2843efc6-b4cf-459f-9648-affd82f4dcb7,"Frigideira Antiaderente para 4 Ovos Ramos Cinza/Grafite 26cm",0.26 m,
2852bba0-d609-499e-a529-643591b7aa32,"Sabonete Em Barra Kaiak Natura 90g 2un",90 g,
285bbb41-9338-4825-94e1-adb1caeed788,"Toalha Banho Luiza Azul Teka 70x130cm",1.3 m,
2861f505-b024-4a70-b763-3be0a0e7b383,"Cerveja Budweiser Lata 350ml CX Com 12 Und",350 ml,4200 ml
2863c251-8d79-41b8-8fb2-e09499c3b46e,"Bowl de Vidro Florida Etilux - Conjunto com 6 Unidades de 290ml",290 ml,1740 ml
2865c0b9-ad75-44a2-b032-b9a43eed4262,"Assadeira Opaline Marinex C/3 Unidades (600ml / 1l / 1,4l)",1400 ml,3 un
2875dca8-f74e-44e6-8a03-217a81d73633,"Caixa para Salgados 24,5cm São José 25 Unidades",0.25 m,25 un
28a3ce54-3c59-46e6-9644-37655d4400b4,"Saco Lixo Reforçado Rolo Preto Oceano Embalixo 50L 50un.",50000 ml,50 un
28b28fa2-da84-4019-8db2-bf2d8c66a4b5,"Tigela Inox Silver Em Casa 17cm",0.17 m,
28d430ba-f463-47cc-86bb-81971fcaaa93,"Pano Prato Jc Panos Moldura 40x65cm",0.65 m,
28f23a00-17b3-45b9-8a84-49967349dd27,"Saco Lixo Dover Roll Ciclus Reciclado 30L Com 20 Unidades",30000 ml,20 un
291a8cff-4a71-40ad-944e-8170989852a6,"Rodo De Aluminio 40cm",0.4 m,
291ee1a8-a565-4de9-89a7-3c75784090d3,"Pano de Pia Scotch-Brite 40cm x 38cm C/2 Unidades",0.38 m,2 un
296796c3-a0e4-4bc3-8c60-cb3c45dac923,"Coxinha De Batata-doce Congelada Maromba Recheio Frango E Requeijão Cremoso De Inhame Sem Glúten Zero Lactose Miss Laura Caixa 300g 6 Unidades",300 g,
2984d4d2-b25f-4d18-bff6-781219e93707,"Bold Bombom Crocante 40g (Caixa 12 Unid.)",40 g,
29bd1626-b494-4914-806f-49c00668fbd2,"Jogo Taça Sorvete Califórnia 250ml Com 6 Unidades",250 ml,6 un
29db5e80-46ca-4c64-8183-893d9da7e27a,"Cerveja Brahma Chopp Zero Lt 473ml Sh Pack C/12 Np",473 ml,5676 ml
29fa6020-d340-41dc-acbf-e337db7232e7,"Lençol Solteiro Kids com Elástico Burdays 0,88x1,88x21cm",0.21 m,
2a038ff7-7fbd-4a2d-a57c-3c59aa823e91,"Real B. Lac. 130g Mor. Pastilha Chocol. - Fd/12un",130 g,
2a3fb3b3-4f9a-4b0d-84bf-0cd4820bc4b7,"Descascador de Legumes Cookfire Fracalanza 17,2cm",0.17 m,
2a839671-1a72-4030-b48b-6422ab418f4e,"Sobremesa Láctea Flan Calda de Caramelo Batavo Bandeja 200g 2 Unidades",200 g,
2adeadf8-e86d-44fe-9c05-cda1ad5c8f6a,"Copo Descartável Branco Select 50ml 100Un",50 ml,100 un
2ae7605b-ed5d-407d-9094-6cd050ff3432,"Conjunto de Copos Lune Imp 300ml 6 Unidades",300 ml,6 un
2af5daeb-8d67-4bc8-a598-3c3aecf94af9,"Petit Gateau Chocolate Riofrut Caixa 240g C/4 Unidades",240 g,960 g
2afa9a33-a94a-44af-ac6e-ff4a8a6960b5,"Pano Esfrega e Seca Scotch-Brite 29x29cm C/2 Unidades",0.29 m,2 un
2b2d3120-770f-4b94-8630-2ddabaee986a,"Frigideira Antiaderente Wok Panelux Magnific Grafite 24cm",0.24 m,
2ba6f292-c2a6-485e-a5bf-cf41ce00bb65,"Prato Descartavel Sert.Plast C/10 15cm",0.15 m,
2bb00d93-d363-4c3b-b072-1c26ba2d49ea,"Concha de Silicone Uni Lar 28,5x9cm",0.09 m,
2bd4319e-629e-4784-9cbb-bd6493d1a1a1,"Rodo Plástico Estrela 60cm",0.6 m,
2bd43e2d-30f2-4c65-b9d5-7ac8a1e9e190,"Pack Cerveja Pilsen Skol Lata 6 Unidades 350ml Cada Embalagem Econômica",350 ml,2100 ml
2bd808d9-501b-4bd3-9193-d46ea68c7501,"Corona Extra N One Way 600ml Garrafeira C/24",600 ml,14400 ml
2bd853db-b4cf-4320-b9e5-61ea6005e970,"Prato Sobremesa Tramontina Leonora 19cm",0.19 m,
2bedac6e-b8a9-4a40-9c24-40c87c84ebc1,"Ferrero Collection Bombons Sortidos com 7 Unidades 77g",77 g,539 g
2bee23dd-9de2-41a7-96c0-47ad0acb1805,"Cerv Heineken 330ml Long Neck - CX 24un",330 ml,
2c5dd909-4247-4c44-9158-4386c12d4142,"Ketchup Hellmanns Supreme 390g com 2 unidades",390 g,780 g
2ca2f7a0-4407-4b27-8e2b-cee61005296b,"Prato Fundo de Isopor Copobras 15cm 20un.",0.15 m,20 un
2caa1ac9-f077-48d7-9349-a44e9e2fa396,"Leite Fermentado Vigor Tradicional Pacote 450g 6 Unidades 75g Cada",75 g,450 g
2d32bc56-5ebe-4a3a-b9e7-ea6b6010d606,"New Fatal War Swat 27cm Ref.571 Bs Toys",0.27 m,
2d4b8922-c43d-4f65-b472-8552f8c43fba,"Cerveja Brahma Lata 350m",350 m,
2d750aff-cafb-40d9-b4a5-87892868a91f,"Cad Cd Univ Charme 10m 160f 7891027302177 Pc/4",10 m,
2da24d75-5c6f-4752-b45d-b1ccfb765c24,"Bebida LáCtea Fermentada Morango + Banana & Maçã Danone Kids Bandeja 510g 6 Unidades",510 g,
2df05b0d-584f-4b86-a023-57b5d850ff4a,"Copo Descartável Select 500ml 50un",500 ml,50 un
2e487dc0-1ea5-43ea-bdb0-b5d1e4848dfe,"Limpador Uau Banheiro Ref.500m",500 m,
2e7d17f8-b11e-4296-9b8a-631495a81035,"Rodo Plástico Select 40cm 1 Unidade",0.4 m,1 un
2f003adb-63ec-4ca3-9311-b064dd9fb677,"Pano de Pia Esfregão Ober 30x30cm",0.3 m,
2f1e645e-c12e-45df-a078-a7735c6d257f,"Pão Hambúrguer C/4 Unidades aprox. 400g",400 g,1600 g
2f3790cf-8fb0-4b97-9108-62934ddca6d7,"Sobremesa Láctea Flan Baunilha com Calda de Frutas Vermelhas Batavo Bandeja 200g 2 Unidades",200 g,
2f433ec5-a344-4d9f-bdfe-be65c44c0793,"Conjunto Copo Long Drink FIRENZE 360ml c/6 Peças",360 ml,2160 ml
2f55a4de-a52b-47cf-8f17-d187b71c6bc5,"Palito Mastigável para Cães Adultos Deliciosso 200g 20 Unidades",200 g,
2f5f0d5f-d176-47c0-a1c2-d41ab0c4a834,"Post-it 3M Neon c/45 Folhas",3 m,
2f7bf745-65f5-4c33-b171-ba6782e3d660,"Refrigerante Fanta Uva 350ml lata com 06 unidades L+Pg-",350 ml,2100 ml
2fadaebe-89ee-45fc-91f7-9abf1cfc1255,"Bebida À Base De Soja Laranja Yakult Tonyu Caixa 5,4l 27 Unidades",5400 ml,
2fe4faa0-180e-4a64-91d1-623ad092272d,"Guia para Cães Lhama Azul Uni Pet 1,9x120cm",1.2 m,
301e3311-ae19-4d94-9bf7-6569dcf88724,"Petit Suisse Nestlé Chambinho® Chocolate 320G com 8 unidades",320 g,2560 g
303f200d-ae7c-4356-aec7-40bdf0f564fd,"Cerveja Império Pure Malte C/15 Latas 350ml",350 ml,5250 ml
304e2684-2dc9-41ac-93b7-c620c23dab6a,"Molho de Pimenta Predilecta 3ml 144 Unidades",3 ml,
304f5703-263e-48ad-a18b-af7da981efa5,"Piso Cera 43x43 Cm Arq Bone CX 2,06",0.43 m,
30d20a9a-cdf8-4c65-991e-d928d924ad1e,"Sobremesa Láctea Chocolate Chandelle Nestlé Bandeja 180g C/2 Unidades",180 g,360 g
30f02662-45a1-4457-b371-b15210120c2b,"Pack Leite Fermentado Desnatado Yakult 40 Frasco 480g 6 Unidades",480 g,
30fadcd1-203d-45e0-94ee-de25a8718731,"Massa refrigerada para pizza Só Massas 400g com 2 unidades",400 g,800 g
3118b64c-8ad1-4810-951c-4a17e8a0d2c7,"Brinquedo Lançador Água For Kids 60cm Sortido",0.6 m,
31198130-4fa0-41fa-9a44-bc9daa17969f,"Prato Sobremesa Etilux Flare Preto 19cm",0.19 m,
3119c0f1-83d8-453f-a42a-7a52a0883221,"Danoninho Petit Suisse Morango 480g 12 unidades",480 g,
31852ee1-9337-4799-b2a5-07fb3a2e2f4b,"Pao Sirio 7cedros 250g C/20 Integ. Pequeno 11",250 g,5000 g
318ecaee-f8ac-4727-b0a7-02597f732bac,"Picolé Baunilha Cobertura Chocolate Fazendo Festa Perfetto 50g 8 Unidades",50 g,
3194a4df-b408-4216-a625-750198801f1f,"Lenco De Papel Dualette 22x22cm 6und",0.22 m,6 un
3198de04-714d-4f3b-92e2-4e9ba90daddc,"Concha Silicone Catuaí Vermelha 28cm",0.28 m,
31a639e6-9fbf-4685-825d-920076561219,"Barra De Cereal Morango Cobertura Chocolate Nutry Caixa 528g 24 Unidades",528 g,
31a8f02e-660f-4f53-a5a4-8653ab4ddf96,"Fralda Incontinência Bigfral Derma Plus Com 8 M",8 m,
31c7e5d9-8f4c-486b-a842-15fc62e4038a,"Rodo Zapelim 30cm",0.3 m,
31d09222-64cd-41a6-95e1-e05aecac2606,"Calcinha Duloren 838132 57 M",57 m,
31d77c7f-1b1d-412e-93fd-e8eb5caeb7c9,"Vaso Plástico Sanremo 17cm Redondo",0.17 m,
32127dd1-fb26-415e-8a21-53ea20aa541b,"Bebida Láctea Fermentada Morango + Vitamina de Frutas Vigor Todo Dia Bandeja 510g C/6 Unidades",510 g,3060 g
322c9a6d-f6b3-45b7-aff3-734cd9d066c9,"Fronha MCf Kids Burdays 47x65cm",0.65 m,
322e675a-1ea0-4ee9-a00f-42c0577da48b,"Caixa de Pizza 35cm c/ 25 unidades Econômica Sj",0.35 m,25 un
324a6dc7-b052-4906-8806-1a6499f82253,"Cápsulas Nescafé Dolce Gusto Caixa C/ 10 Unidades Doce De Leite 170G",170 g,1700 g
32563337-59e0-4b35-866c-0ef205441d05,"Pão de Hamburguer com 4 Unidades Kim 200g",200 g,800 g
3274eb97-7d84-4295-8bad-6cbd98b781f6,"Vaso Aquário 21x16cm",0.16 m,
32cffb32-a51a-4955-a2e4-5c61c334a312,"Guardanapo De Papel Elos 22x20cm",0.2 m,
32deeeed-f851-447a-addf-d0efdeb2610a,"Porta Ovos Galinha Rattan R Jb1019 19cm",0.19 m,
32e0ac5d-124c-49d5-97aa-e0ccd6b27e01,"Frigideira Linz Bege Tramontina 20cm",0.2 m,
32e0c18f-e10b-408a-81a8-efabae950877,"Rodo Vai e Vem com Cabo Noviça P 30cm",0.3 m,
32f73e90-c700-4bbd-aff0-f7d97246ba06,"Lençol Solteiro Celeste Burdays 1,50x2,35m",2.35 m,
3327489a-c844-4cb0-9664-2ab0872379f0,"Creme dental Colgate Luminous White 70g com 3 unidades",70 g,210 g
332c4ac4-dadf-4674-bda4-6c06f01fb596,"Torrada Integral Adria Pacote 284g 2 Unidades Embalagem Econômica",284 g,
3349128a-48d2-4327-b799-88581764e95e,"Tigela de vidro Em Casa Tem Lines 25x10,5cm",0.11 m,
334ac690-0d89-4902-bcfa-d021352b6dff,"Ventilador de Mesa Ventisol Turbo 6 127V 50cm",0.5 m,
3357b513-3326-4862-a4a5-a56c23280d14,"Saco Lixo Reforçado Rolo Preto Oceano Embalixo 30L 50un.",30000 ml,50 un
33ab71ac-6dff-4fdd-963e-ea0d369572dc,"Pack Cerveja Corona Extra 330ml Com 24un",330 ml,7920 ml
33ba5cc6-c8c0-474a-9d56-57ec490a534a,"Saco para Lavar Roupas com Zipper Catuaí 45x55cm",0.55 m,
33d7b8bf-d042-4c95-9db7-de0db69ddd71,"Frigideira Alumínio Francesa Panelux Bege 22cm",0.22 m,
33f14b59-1b0e-43a3-9514-a8720061277f,"Copo Americano Nadir Figueiredo 450ml C/6 Unidades",450 ml,6 un
3405642e-8a75-424a-87d3-39aa1ad9f8e5,"Tabua Plastica Catuai 37x23x1.15cm Decoradada",0.01 m,
340e1a56-4caf-4cd0-8ace-32b4d1c30729,"Oleo Coco Jandira 200m",200 m,
345c619f-535b-4190-9b5f-2c591ba3aab1,"Pegador de Silicone Tramontina Soft - 33,9 cm",0.34 m,
3465ee19-2912-4ddf-86f6-834c467363dd,"Sacola Plástica 30x40cm Rioplastic 500 Unidades",0.4 m,500 un
347f48c5-db08-462d-925c-5e59ddadb2a6,"Tábua de Corte Estilo Bambu Vemax 24cm x 40cm",0.4 m,
34d5084e-c853-42d2-9125-aca3b057e7fc,"Prato Fundo Nadir Opaline 23,5cm Pétala",0.24 m,
34f94793-2fcf-4b33-966e-c7eb67b28d22,"Travessa Oval Inox Silver 34cm",0.34 m,
3508b771-b601-49b8-a1e0-a3b7da191ddf,"Copo Plástico Azul Valves Festas 200ml C/10 Unidades",200 ml,10 un
3527f4e7-cba6-404f-a2cf-2365598ec516,"Bebida Láctea Fermentada Morango + Pêssego Batavo Bandeja 510g C/6 Unidades",510 g,3060 g
358ee745-679e-462d-9bbc-ef752188e35b,"Cha Dr.Oetker Misto 10g Hibisco/Cranberry C/10",10 g,100 g
35e588d2-14dd-4d7a-8e8b-0e95d9ae3229,"Saco Lixo Ks 50l C/10 Unidades",50000 ml,10 un
36028253-66e9-47ce-8509-b5c9bf890ee1,"Forma Crespa Fundo Móvel Vemax 24cm",0.24 m,
360efcf4-2b91-48ca-b6ab-4d5c33ae7f89,"Bobina Picotada 34x49cm Rioplastic 500 Unidades",0.49 m,500 un
363075b1-10e8-4215-85fe-56e6539098d3,"Pe De Moleque Crocante 800g 50un Cx C/12 Fd",800 g,9600 g
36c8fa6f-00bb-41e5-a15d-15e1613684f5,"Colágeno II em Cápsula Nutrify Pote 27g C/60 Unidades",27 g,1620 g
36cba954-8bbe-4e77-8c99-df6be2ad0434,"Creme Dental Colgate Máxima Proteção Anticáries 180g 3 unid com Desconto",180 g,
36e98d81-3672-422a-bed6-be395adb9071,"* 22029900 * Powerade Pro Uva Verde 500ml CX C/6",500 ml,3000 ml
37086713-1e0a-4022-87c4-730aa4120006,"Jogo de Copos Diamond Burdays 350ml 6 Unidades",350 ml,6 un
37152e8b-0875-40ce-8be8-1a4e9f03ebcc,"Odorizador De Ambiente Lavanda Glade Toque De Frescor Blister 12ml Cada Refil Leve 3 Pague 2 Unidades",12 ml,24 ml
3730f766-318b-400d-bbe8-9b2d43449244,"Odorizador de Ambiente Brisa Cítrica de Verão Glade Toque de Frescor Refil 12ml C/3 Unidades - Embalagem Leve 3 Pague 2",12 ml,36 ml
37ab1910-1b96-44c9-8eec-9a805dfd0617,"Copo Cylinder Nadir Figueiredo 300ml C/6 Unidades",300 ml,6 un
37d079d5-dca1-4c45-9568-95b1dba773ef,"Sabonete em barra Protex Nutri Protect Vitamina E 4un 85g",85 g,
37e72184-fc97-4488-956b-fb76305eff36,"Colher Espátula de Silicone Catuai 28cm",0.28 m,
382438e0-c2ba-43dc-aa83-e950f002798f,"Chá Boldo-Do-Chile CháS Real Caixa 10g 10 Unidades",10 g,
3848d5a4-c397-4f85-ac81-1b1d824de727,"Kit Colcha King Burdays 280x260cm 3 Peças",2.6 m,
385df31a-5134-415a-a7e4-33f491fd0556,"Sabonete Rexona antibacteriano 84g com 6 unidades",84 g,504 g
3867d678-c2f0-4bc3-a9ef-1f8da33d9f24,"Cerveja Zero Long Neck Heineken 330ml 24un",330 ml,
389594d2-0334-433c-b6da-3aaa5c9cb01e,"Adoçante em Pó Sucralose Linea Caixa 35g - Embalagem Leve 70 Pague 50 Unidades",35 g,
38a0f1c0-4e84-436e-9c42-2f60f8a855f0,"Pack Bebida À Base De Soja Maçã Yakult Tonyu Caixa 18 Unidades 200ml Cada",200 ml,3600 ml
398c8c5a-7936-403e-8299-ee2413616fcb,"Tortilha Integral Select 180g 6 unidades",180 g,
39d6e4ad-aa2e-4c4b-99ed-f8579513e571,"Hambúrguer Misto Tradicional Brasa 90g 36 Unidades",90 g,
3a6b5c29-440c-40a4-a555-0124b91c54f1,"Repelente Loção Family Off! 2 Unidades 100ml Cada",100 ml,200 ml
3a7e43a8-9845-4fb4-893b-76a12d81594f,"Repelente Elétrico Líquido SBP Caixa 105ml C/3 Unidades - Refil",105 ml,315 ml
3a86722d-8882-4d76-a421-855cce32357a,"Rodo Plástico Noviça Push 45cm",0.45 m,
3aadb28b-bc99-4771-889b-90a42eafa471,"Pano Multiuso Verde Esfrebom Bettanin 33x55cm 5 Unidades",0.55 m,5 un
3abdf18e-5e3b-4d53-9662-28a7f3932209,"Chocolate Kinder Ovo 40g com 2 unidades",40 g,80 g
3ac7942a-3333-44c9-b846-15571899a32b,"Kit Cálice + Cerveja Stella Artois 4 Unidades 330ml Cada",330 ml,1320 ml
3acdcf11-1c90-468c-8446-8c4ed60c7c78,"Sobremesa Láctea Chocolate Chandelle Nestlé Bandeja 180g C/2 Unidades",180 g,360 g
3b178c1d-aeba-46a8-b12c-7fe20a1fe2ab,"Copo Plástico PS Transparente Facilita & Pronto 300ml C/100 Unidades",300 ml,100 un
3b360bc0-3967-4834-9ae6-509a49105e61,"Caixa P/ Bolo N5 43 X 35 X 13cm Branca",0.13 m,
3b379922-19d5-4a20-8900-79905840273c,"Sacola Ouro 15 X 16 X 8cm C/10un",0.08 m,10 un
3b566907-8f23-4c4f-a4f8-cc6c874ffb5f,"Pano Chão Mr Meex Xadrez 42X65cm",0.65 m,
3b7b5ef4-271e-4f21-901f-8400980860de,"Saco Pp Brioche 25x35cm Emar",0.35 m,
3b992ea7-2b6c-457e-b6b3-801cefbfdc55,"Chá Laranja, Manga E Canela Twinings Infusions Caixa 18g 10 Unidades",18 g,
3bb50eb1-5ad4-4546-ad2c-19372cd38ac2,"Petisco Para CãEs Adultos RaçAs Minis E Pequenas Purina Dog Chow SaúDe Oral Pouch 45g 3 Unidades",45 g,135 g
3bc49b1b-bd46-43a0-a2f6-2bd0152233ec,"Ampola Restauração Pantene 3un 45ml",45 ml,
3bebe2e8-a95b-416f-bee0-4520ca67b17c,"Saco Freezer Wyda C/100 19,5x34 Cm",0.34 m,
3c16b88b-a600-44e8-9722-c8850a531fc3,"Escorredor de Arroz Inox 25cm",0.25 m,
3c517813-a442-4b26-90fd-758e42c034dd,"Folha Alumínio Lumipam 45x7,5cm",0.08 m,
3c51883e-b4f6-4b85-ae6c-d2d73a0fb418,"Saco para Lixo Reforçado Super Lixo 50L c/10 unidades",50000 ml,
3c7069ba-80dc-4cd5-bc43-720a28c59590,"Grelha Tela Moeda Gaúcho Grill Grilazer 40cm x 50cm",0.5 m,
3c99e96c-11bc-4c77-9736-e3a4d6f691c4,"Bolinho Bebezinho de Laranja Panco Pacote 70g C/2 Unidades",70 g,140 g
3cd4a232-7e87-4356-a125-2c757312ee4b,"Kinder Chocolate ao Leite 4 unidades 50g",50 g,
3d035d21-00a3-494d-8eff-f3df07afbb3d,"Prato Descartável Bompack 15cm C/10",0.15 m,
3d3b6c0a-bf20-4bae-abf4-d2d97a030a1c,"Espeto de Madeira Churrasco e Cia Ninha 18cm C/100 Unidades",0.18 m,100 un
3d5ff2b4-273e-4e77-9ad0-87dc476930cf,"Frigideira TRAMONTINA WOK LORETO sem Tampa 28cm Vermelha",0.28 m,
3d61b097-2c2b-4370-9e5a-a35fe66218d5,"Sabonete Lux Botanicals 85g com 6 Unidades",85 g,510 g
3d71f405-3760-40b8-aabe-b8fce13942b7,"Pano Microfibra Multiuso 35x35cm Rayco 3un",0.35 m,3 un
3da35f47-8674-4f09-afca-c7e33dac593a,"Creme Dental Clareador Colgate Luminous White Carvão Ativado 70g 3 unidades",70 g,
3db708aa-e938-4dcb-ae79-9df333238ee4,"Cerveja Heineken Lager Long Neck 330ml 6 Unidades",330 ml,
3dd2ba1f-9102-4633-91c9-53be76cfbc66,"Hambúrguer de Carne Bovina Churrasco Sadia Caixa 672g 12 Unidades",672 g,
3de5ecd0-45be-42b1-aa02-4ea210d241da,"Chá Camomila, Cidreira e Maracujá Chá Leão Caixa 16g 10 Unidades",16 g,
3e1147c5-77b6-4953-a019-3b15a517b49c,"Kinder Bueno White 2 Unidades 39g",39 g,
3e1dd4d2-7ad2-4222-a9c3-b2f5389c5990,"Chocolate M&MS Ao Leite 18 Unidades de 40g",40 g,720 g
3e45fa05-fb11-40ce-9051-af45d85e91b0,"Café em Cápsula Torrado e Moído Ristretto Espresso L'or Caixa 52g 10 Unidades",52 g,
3e4aa12f-3573-4c36-8fc0-77b82e86acf6,"Refrigerante Sprite 350ml LT com 06 unidades Original L+Pg-",350 ml,2100 ml
3e63f3c9-a557-4b19-8924-2b4957fdbef6,"Saco para Lixo Reforçado Embalixo Pacote 50un x 50L",50000 ml,
3e8ab7fb-b670-4642-a353-a6a3c0a46c6e,"Lança Água Mor 45cm - Sortido",0.45 m,
3e973424-b12b-44b0-bd27-c4853c88d71f,"Sorriso Fresh Hortelã Explosion Creme Dental 90g Promo 3 un",90 g,
3ea61ea5-fb3c-4b93-92a4-cae9bf0aca6e,"Chá de Maçã e Canela Dr. Oetker 10 Unidades - 10g",10 g,
3ee532f8-6f89-4036-8905-dfd40a11cf69,"Sobremesa Láctea Flan Baunilha com Calda de Frutas Vermelhas Batavo Bandeja 200g 2 Unidades",200 g,
3f292d55-e65e-4db7-890a-706b883c311f,"Rodinho para Pia Preto Plasútil 16cm",0.16 m,
3fad0a25-d094-4f19-9c2d-62fd6294f313,"Trena Emborrachada FAMASTIL 5m x 19mm",5 m,
3fcd652a-e59b-4784-8f43-4d6d41469307,"Saco Lixo Dover Roll Ciclus Reciclado 50L Com 20 Unidades",50000 ml,20 un
3fe17543-4fbf-4203-8475-fb650e606901,"Pegador Massa Silicone Catuai Vermelho 28cm",0.28 m,
400954b1-a2b8-4511-b1d5-a1982b33e243,"Pote e Tampa Cristal Descartável Strawplast 10un 180ml​",180 ml,10 un
40598387-731b-4148-bdb9-2d75dc015545,"Sobremesa Láctea Flan Baunilha Chandelle Bandeja 200g C/2 Unidades",200 g,400 g
40f552e6-3aa4-4feb-9cfa-665a28f714c0,"Travessa de Vidro Transparente Aroma Dumiat 32cm",0.32 m,
41181744-9d37-4d53-864e-8297a5425ddd,"Sobremesa Láctea Chocolate Chandelle Nestlé Bandeja 180g C/2 Unidades",180 g,360 g
412d837e-567c-41f9-b9ca-b4c76a4a7d05,"Cortador de Pizza Cookfire Fracalanza 18,5cm",0.19 m,
412f0ce0-686c-44d1-a3ed-251de945fcc2,"Rodo De Aluminio 30 Cm 001 Max Rodo",0.3 m,
414966bb-150c-421d-9100-1a9f0780ac58,"Frigideira Tramontina Plotter Decor 24cm",0.24 m,
415c13a1-99d4-4700-b766-357c36680e30,"Copo para Brigadeiro Descartável 50mL Cristal Strawplast 10 un",50 ml,10 un
41b94286-3b9e-4727-87df-7a5d90624c09,"Toalha Papel Vipel 1x1000 20x21cm",0.21 m,
41cd4829-f1d6-4c59-bbdc-790e0bea4090,"Pao Sirio Gergelim Mini 300g. C/10",300 g,3000 g
41f7db55-2aa4-445e-a859-b47154e53978,"Kit Cerveja Brotas Beer 500ml C/3 Unidades",500 ml,1500 ml
4206400a-9505-4d3f-a6ef-ec8e5c3063b9,"Desodorante Aerossol Giovanna Baby Pack 2un x 150ml",150 ml,
421fe6ee-73f4-4fd7-ab08-9e395fdbf788,"Iogurte Itambé Natural Milk Desnatado 340g com 4 Unidades",340 g,1360 g
4225b7bb-451e-4331-b14f-c97284fd4da2,"Espátula Silicone Vazada Catuaí Vermelha 28cm",0.28 m,
422ddebd-1b01-4471-87c8-cb5013912567,"Galinha De Samambaia Porta Ovos 30x18cm - Gzt",0.18 m,
423a6788-9ae0-4383-a6d6-63a9426fc475,"Lencos Umedecidos Chamego - 50unidades - 20cmx15cm",0.15 m,50 un
42454462-2309-4d79-8260-eec578b186ba,"Rodo Aluminio 50cm",0.5 m,
425cf319-f96e-4e6c-98f3-70652be426ed,"Saco Lixo Super Lixo 30l C/20 Unidades",30000 ml,20 un
426bf506-e3ff-414e-b7c2-f2f78517e39b,"Corona Extra N Long Neck 330 Ml CX C/12",330 ml,3960 ml
427436f2-d66a-496b-a5e9-8c1011539e39,"Panela TRAMONTINA Wok Loreto - 28cm",0.28 m,
427fd57b-9f5f-48f4-9604-f69a807356e1,"Prato Desc Copob C/10 15cm",0.15 m,
429f27f0-f989-44e2-9c9b-e8e995b92640,"Café em Cápsula Torrado e Moído Espresso Colômbia L'or Origins Collection Caixa 52g 10 Unidades",52 g,
42fe7c10-28d1-4590-a00d-29812729ca53,"Guardanapo de Papel Kitchen 50 Folhas Simples Tamanho 22,7x22,8cm",0.23 m,
43b83b74-2889-4cc3-b743-0855c09c1761,"Alimento para Gatos Adultos Atum Sheba Petiscos Cremosos Envelope 24g 2 Unidades",24 g,
43d9b915-ec2a-4798-a134-74b4c1f3a781,"Pack Sabonete Barra Glicerinado Orquídea Negra Lux Botanicals Envoltório 510g 6 Unidades 85g Cada",85 g,510 g
441620ba-dd32-4104-986c-b8dcccb2e698,"Guardanapo Papel Urban 33x33cm Birds",0.33 m,
441f9188-80d3-49f0-94c3-533ae1098d26,"Café em Cápsula Torrado e Moído Espresso Extraforte Pilão Caixa 52g 10 Unidades",52 g,
443ec0ca-5f56-453d-9e08-030a988a8909,"Dipirona Monoidratada 1g - Cx C/ 10 Comp",1 g,10 g
44726589-c255-4b68-aff4-5ef5b91b5252,"Pack Pipoca Para Micro-ondas Natural Com Sal Yoki Pacote 500g 5 Unidades Grátis Pipoca Premium 90g",90 g,
449e893e-8dfc-4b81-9dc2-a89a23c572fd,"Isotônico Gatorade com 06 unidades Morango com Maracujá Garrafa 500ml",500 ml,3000 ml
4509d60a-9602-453c-af01-421b2489e48b,"Hambúrguer de Carne Bovina Angus Bassi Sadia Caixa 360g C/2 Unidades",360 g,720 g
450eb78e-203c-4d55-adf4-9c5a9c823001,"Limpador Desengordurante Veja Cozinha Limão com 2 unidades de 400ml",400 ml,800 ml
45bdb2b5-a61e-4554-8200-cb9798216e67,"Leite Fermentado Integral Ameixa Activia Bandeja 340g C/4 Unidades",340 g,1360 g
45f73756-1c0a-40c4-84fa-c05d67633ae2,"Picolé Chocolate Cobertura Chocolate Fazendo Festa Perfetto 50g 8 Unidades",50 g,
46368506-1c61-49f6-a5ca-8576e6b9510f,"Quadro Decorativo Recordacoes 52cm 27121 Yangzi",0.52 m,
4645b518-b7a1-4850-8e98-d9ea43dd413d,"Folha de Alga Marinha Desidratada Sakura Pacote 27g C/10 Unidades",27 g,270 g
464a3fd0-f228-449a-a814-676a8d41119b,"Toalha de Mesa FACILE 1,40m x 2,00m",2 m,
468214aa-75fc-4416-a576-6d020bc671b8,"Detergente Sanitário Bloco para Caixa Acoplada Pinho Pato 40g Cada Leve 3 Pague 2 Unidades",40 g,80 g
468908de-3964-4ae4-9474-54c37a5efc0a,"Heineken Zero Long Neck 330ml Cx/6 UN Gelada",330 ml,
46a9f96d-3fb8-4987-af85-f8df4c58a47a,"Sabonete Protex Nutri Protect Vitamina E 3unidades 85g",85 g,
47097926-d162-4bfe-9041-e3d1e689d12e,"Danoninho Petit Suisse Morango, Banana e Maçã-Verde 480g 12 unidades",480 g,
471e7f31-3c91-44b1-86d3-433a49f61f13,"Esponja de Banho 3M Ponjita",3 m,
4724a544-4db3-4647-9efd-1e4c65caf237,"Extensão Elétrica Preta Cabo PP Plano 2P+T/10A Megatron 1,5m",1.5 m,
4759f347-710c-43f1-b996-29454dc39aa7,"Frigideira TRAMONTINA Turim - 16cm",0.16 m,
47798322-71b3-47da-9984-42dd989e0b9e,"Kit Ypê Limpador Multiuso 4un. 500ml",500 ml,
478a459c-0759-4b63-8d8e-1e79a7328344,"Conjunto de Xícaras de Vidro para Café - 6 unidades de 95ml - Bianco",95 ml,570 ml
480ef335-fb9f-4d47-9502-d2569cd3942d,"Faca para Pão UNI LAR 32,7cm",0.33 m,
483e8556-6355-4b88-948e-886544585419,"Rodo De Madeira 30 Cm Duplo Eva",0.3 m,
4849b906-25a1-466d-8f96-c4192da529e3,"Frigideira aluminio Tramontina Vermelha com tampa 22cm",0.22 m,
4868d736-c6af-41bd-ac9b-f8235f8a1e50,"Espeto Simples Simonaggio em Aço Inox 60cm",0.6 m,
488b4d01-4a3f-4535-94dd-79a1543cd956,"Guardanapo Papel Principe 20cmx21cm 50un 2542 Flip",0.21 m,50 un
48c73f3c-c790-4753-b383-3e8eb4c8f793,"Vassoura Luso Pelo 30cm",0.3 m,
48ef394b-fa5f-47a8-b524-73a540dc8f50,"Torrada Multicereais Integral Bauducco Toast Pacote 128g 6 Unidades",128 g,
48f75156-49bc-4f3e-b5f2-aa707bd87496,"Pano de Pia 30X40cm Bom Pano 5 Unidades",0.4 m,5 un
49662d30-f3d2-4061-8121-1d3454c90a58,"Chiclete Sortido Recheio áCido Ou Doce Atomic MistéRio Plutonita Caixa 396g 72 Unidades",396 g,
49957c0e-64b8-4f21-80d3-2358ff7f05f1,"Brinquedo Carro Vinil Samba Toys Dino Baby 13cm",0.13 m,
49ab1d3c-0338-4a3b-b4d5-d39062082850,"Espetinho para Churrasco Madeira Gina 25cm Pacote 100 Unidades",0.25 m,100 un
4a842bb6-4f30-4c85-9e22-6fc074e7c409,"Chá Camomila, Cidreira & Maracujá Chá LeãO Caixa 24g 15 Unidades",24 g,
4a939fe8-84bc-4430-be59-487761cc3e10,"Creme Dental Colgate Luminous White Glow 70g Com 2 Unidades",70 g,140 g
4ae5934b-b318-4e2b-b5f0-2eb335ee14b4,"Protetor Anti Impacto 3M Scotch Redondo Medio 12 unidades",3 m,12 un
4b0ee071-ab85-4155-97ce-ef8e485a9748,"Chocolate Ferrero Rocher com 12 Unidades 150g",150 g,1800 g
4b374588-c0ec-4343-b48e-ff43113b6b6e,"Copo Plástico PP Reforçado Transparente Descartável Facilita & Pronto 330ml C/50 Unidades",330 ml,50 un
4b74a041-8b3d-4095-b021-15b1d33eebae,"Pilão com Bastão Stolf 12X7cm",0.07 m,
4baaab4a-9aae-4dc8-8f88-fe8aab916d68,"Sobremesa Láctea Flan Calda de Caramelo Batavo Bandeja 200g 2 Unidades",200 g,
4bab0901-b8a9-4f55-9f54-23bcd08aa6ad,"Frigideira Funda Tramontina Loreto 24cm",0.24 m,
4bd50127-eb5a-4982-9c34-ad77949d3d9b,"Sobremesa Láctea Chocolate Chandelle 540g 6 Unidades",540 g,
4bed02e4-9b94-46ab-aad7-1534ab493d65,"Grampeador Metal 11,5 Cm P/20 Fls Gatte",0.12 m,
4c015b90-6fe4-44aa-ae89-a299c6b94dd0,"Jogo Taça Vinho Nadir Fiore 400ml Com 4 Unidades",400 ml,4 un
4c2fc1ff-9443-4508-9599-b67d91e6228a,"Desinfetante Lysoform 1L Com 3 Unidades 2 Original 1 Lavanda",1000 ml,3000 ml
4c32e18b-cfe3-467b-9407-72a6705f2d35,"Bombom Raffaello com 3 unidades 30g",30 g,90 g
4c8a2e67-7b43-45c8-9b66-ab8bbc5dcc47,"Creme Sebo Carneiro Tacto 200m",200 m,
4c935395-7412-4507-80fe-a34066ecb3c9,"Desodorante Aerossol Giovanna Baby Pack 2un x 150ml",150 ml,
4ccad16a-e4a1-4fb4-8304-88eb022b0ec8,"Pompom Pink 1cm 100un Bj-0021pin Art Lille",0.01 m,100 un
4cd7bfb1-f33f-45cd-8fec-9103aac8b37e,"Saco Plástico para Pet Leva Cáca Mais Útil 30x39cm C/40 Unidades",0.39 m,40 un
4ce9e4bb-8a24-494d-940f-930261502a26,"Chocolate ao Leite Mais Hersheys 102g 3 Unidades",102 g,
4cf1719f-e8c5-4a98-9a8e-9a93db7ed3b5,"Chá de Capim Cidreira Dr. Oetker 10 Unidades - 10g",10 g,
4d0c7e7b-d03a-4969-9a22-a78520c3071b,"Fanta Laranja Pet1,5l 06un Fl",1500 ml,
4d49580b-1900-4567-a21a-c82a5be90f3f,"Bala Gelatina Mini Dentaduras com 12x15g cada Fini",180 g,15 g
4d588c44-eb50-445a-9748-cbc1443c4e7a,"Jogo Sobremesa Bowls Vidro Clear Em Casa Tem 260ml Com 6 Unidades",260 ml,6 un
4d599e79-de3d-4f26-b802-b2a48a74f556,"Mostarda Tradicional Heinz Sachê 5g com 144 Un",5 g,720 g
4d81c299-9149-49ba-9a7f-8b102e0fa79b,"Chá Hibisco, Rosa Silvestre & Amora Chá LeãO Caixa 16g 10 Unidades",16 g,
4da7495a-846d-4d89-b0b0-67bfa8114084,"Cerveja Long Neck Puro Malte Amstel 355ml Com 6un",355 ml,2130 ml
4de23f06-e9de-450d-9bd0-a2bc66421b8c,"Vent 40cm Col Mondial Super Power Vsp40c 6p PT 1",0.4 m,
4de9af4e-cdbb-47c8-8eae-3dfc155dfe34,"Pao Hot Dog Casa Do Pao Sache 300g6un",300 g,
4e055684-edb0-4b59-89ed-56cfcc01930a,"Bandeja Retangular com 4 divisórias Rioplastic 1200ml 12 Unidades",1200 ml,12 un
4e0a1caa-db01-444e-93ca-136d5c456a48,"Espátula Silicone Catuai Vermelha 26cm",0.26 m,
4e0e785d-6fb2-4a29-ac0a-23a995a39651,"Café em Cápsula Torrado e Moído Mogiana Paulista 3 Corações Caixa 50g 10 Unidades",50 g,
4e10d3d7-20af-4572-903b-471a681a019c,"Esponja Aço Qlustro 60g 8 Unidades",60 g,
4e18269f-3906-4984-8771-fef1a53b47c6,"Sabonete Em Barra Paris Kanitz 90g Com 3un",90 g,270 g
4e4f65b9-2310-4f02-ad7b-d94982c1df56,"Pano Reutilizável Branco em Rolo Scotch-Brite C/58 Unidades 20x20cm",0.2 m,58 un
4e50f3c9-39e4-46eb-9466-6755d290d66a,"Petisco para Cães Adultos Raças Médias e Grandes Purina Dog Chow Saúde Oral Pouch 80g 3 Unidades",80 g,240 g
4f050672-f1ad-47ec-b888-dd2b7375b78f,"Pote Red Prafesta 145ml 24un C/ Sobretampa",145 ml,
4f1ea4fd-1bb8-4ee0-ad02-e5d1c7b3fa49,"Hamburguer vegetal Futuro Burger com 2 unidades 56g",56 g,112 g
4f4c37f2-41ec-46e2-8dd3-3c84750389db,"ProbióTico Sem Sabor Neogermina Caixa 50ml 10 Unidades",50 ml,
4f5da661-6891-4090-8b09-471e9a3bcc56,"Desinfetante Lysoform 1L com 3 unidades",1000 ml,3000 ml
4f99200a-e252-44a9-a1ab-e6142a370d8e,"Queijo Petit Suisse Frutap Morango Bandeja 320g 8 Unidades",320 g,
4fb38fd6-d8d0-4f5c-87b7-7aa731e3f7f0,"Kit Dabelle Sh+Cond 250m Oleo Magico",250 m,
4fb421a3-bca5-4417-82d9-5f07600e58bb,"Sabonete em Barra Lux Botanicals Lavanda 85g 6 unidades",85 g,
4fcc3c19-52cd-42f1-8d7d-bc04e73b8852,"Sobremesa Láctea Flan Calda de Caramelo Batavo Bandeja 200g 2 Unidades",200 g,
4fede310-03ca-4d07-a162-5f87f2bb5b17,"Leite Fermentado Desnatado Chamyto Nestlé Frasco 450g C/6 Unidades",450 g,2700 g
5009076f-3f5c-4a0f-bd28-aa943e87ec57,"Creme Dental Colgate Total Original Mint, Prevenção Ativa, 90g 4 unidades - Preço Especial",90 g,
504d312c-b1bb-4869-99ee-edcf356ecba2,"Toalha Banho Luiza Rosa Teka 70x130cm",1.3 m,
50adcd7d-59b0-4956-8b9a-56a4433809fc,"Saco Lixo Extra Forte Almofada Preto Embalixo 50L 50un.",50000 ml,50 un
50e3c059-e144-4e89-ab94-01b9e452fa3f,"Cerveja Pilsen Skol Pack 18un x 350ml",350 ml,
510ee371-d0ce-4edb-9356-722f7cfae917,"Lixeira Telada de Metal Preta Catuaí 26,5cm",0.27 m,
512042c1-8bcc-4d4d-8988-5663e67814e3,"Bombom Ferrero Rocher Caixa 50g 4 Unidades",50 g,
512fa02e-3777-4606-ab44-662aa37a5bbb,"Concha de Inox Catuaí 33cm",0.33 m,
519350e1-7161-46e7-ae4c-e946adc8ce09,"Wok Fundo Alumínio Brinox Roxo 24cm",0.24 m,
51ae0bbf-dfb7-4cb3-920b-8de940825115,"Cerveja Eisenbahn Premium IPA LN 355ml - Pack 6 unidades",355 ml,
51aefd14-96dd-4e87-be5b-50f97ceac9df,"Tigela de vidro Em Casa Tem Lines 25X10,5cm",0.11 m,
51fc6cfd-5494-47fa-ab41-28c376714e42,"Tortilha Tradicional Select 180g 6 unidades",180 g,
5203ec3e-86ad-4c35-a3ba-18b7aca54f90,"Detergente Líquido Ypê 500Ml Pack C/ 6 Unidades 10% De Desconto Neutro",500 ml,3000 ml
520be158-a634-48f7-b218-cf27ffc7c389,"Rodo Max Rodo Alumínio 30cm Refil 1 UN",0.3 m,1 un
5243c7fd-dfc8-487c-8387-46ad5694344c,"Chiclete Trident Melancia 25,2g - Embalagem Econômica 14 unid.",25.2 g,
52bd499b-45b3-42c0-9319-a14ac31647c9,"Café em Cápsula Torrado e Moído Espresso Brazil L'or Origins Collection Caixa 52g 10 Unidades",52 g,
52d2ad6d-008e-4047-a428-277005ad0f27,"Copo Bolha Bello 300ml 20un C/tp",300 ml,
52d53318-8574-447a-8850-9c681ac0fc3e,"Pack Difusor de Ambiente Elétrico Lírio Branco & Algodão Bom Ar Air Wick Caixa 2 Unidades 16ml Cada Grátis 30% de Desconto no Segundo Refil",16 ml,32 ml
52e0af45-0ce7-49df-a1f9-43a8978d6d63,"Saco Lixo Dover Roll Com Alça Azul 50L Com 20 Unidades",50000 ml,20 un
52f53865-6623-478f-8d00-17cd673de7ef,"Prato Raso Astral 200 Nadir 22,6cm",0.23 m,
5334dc0f-6650-4d3b-a1f3-bcccf6d7920b,"Pano De Prato 43cmx75cm",0.75 m,
5336c22d-6e46-4a33-b514-e2e295768461,"Prato Descartável Junco ou Bompack Branco 15cm com 10 unidades",0.15 m,10 un
537daae6-5fab-48ae-a7b2-12e3500698de,"Odorizante Bom Ar Difusor Elétrico Refil 16ml com 2 Unidades",16 ml,32 ml
53abb5b1-3e12-41f0-bf93-0bba19c890ca,"Cerveja Brahma Chopp Pilsen Multipack C/12 Lt 350ml",350 ml,4200 ml
53b644aa-93a7-42fd-99f4-bda893fd9c17,"Pano Prato Engomatextil 65x39cm",0.39 m,
53dac45f-28ea-4e92-b579-c0cdc9fe47a2,"Tapete Aveludado Liso Burdays 50x80cm",0.8 m,
54178116-ec44-416e-9755-6d5d4e8db8f2,"Saco Plástico Freezer 28x42cm 5L Embafreezer Embalixo 100 Unidades",5000 ml,100 un
54845111-ffeb-4716-8ebb-d9fe0df2c618,"Chá Anis Estrelado CháS Real Caixa 15g 10 Unidades",15 g,
549355e0-df2c-4303-94ac-e3841228f7cc,"Creme Pentear Helcla 250m",250 m,
54ed933e-d497-453e-85b0-fe1df8010073,"Manta para Churrasco Prime Grill 33cm x 40cm",0.4 m,
54eea487-92d4-494c-9ace-8fcdf652b753,"Mexedor Cafe 7Cm - 100Un Multi Festa Cristal",0.07 m,100 un
54eeba86-1945-4392-b3d4-f677b3eef1e5,"Tesoura Escolar Preta 13cm Leonora",0.13 m,
5508a532-bd6a-4de4-9ab2-8446ac48784b,"Guardanapo De Papel Pegg C/50 30x33cm",0.33 m,
5536c86f-fa56-4ed0-860e-916b3e153144,"Copo de Vidro Dose Clear Etilux - 6 unidades de 40ml",40 ml,240 ml
555b1084-8c67-49f1-af52-08289048f523,"Prato Raso Tramontina Leonora 25cm",0.25 m,
55df4801-7a6f-487b-81be-108e3d9e98c8,"Toalha Interfolha Bonifaz Branco 19,5x20,5cm 1000un.",0.21 m,1000 un
56163fd6-8232-4887-bfe4-b806d668f1aa,"Cesto Organizador M 24,2x19x6,5cm Translu",0.07 m,
561edcd5-c045-45f2-bddb-dc00929a5314,"Sacola Vinho Natural 13,5x8x39cm",0.39 m,
5657369c-2a32-47ff-866c-43369ee81dc0,"Caixa para Pizza G 35x35cm 10un",0.35 m,10 un
5681b1e7-192f-4dec-b7d9-51c7babf25ab,"Isotônico Gatorade com 06 unidades Laranja Garrafa 500ml",500 ml,3000 ml
56daef32-f08e-4727-80d4-2654c2ec5170,"Chá Mate Tostado Groselha Negra Chá LeãO Caixa 25g 10 Unidades",25 g,
57046734-837c-4be8-915e-2a7519e3d2ed,"Isacare Desodorante Aerossol Young Aventura 150m",150 m,
574defe1-aac5-429c-8174-39b384cf3139,"Saco Hermético ZipBag Wyda 18x23cm C/10 Unidades",0.23 m,10 un
57a8da4e-5e40-4d0e-b79e-2799c7aef9ac,"Queijo Processado Polenguinho 68g com 4 unidades",68 g,272 g
5802b7f4-a1c5-496b-8ca2-9a84952942b6,"Sobremesa Láctea Flan Calda de Caramelo Batavo Bandeja 200g 2 Unidades",200 g,
5804fc0d-671b-4f36-bef7-3a24da6ff3ec,"Açúcar Refinado União Sachê 5g 400 Unidades",5 g,2000 g
58065f91-ba0d-42a3-b2eb-25fd204e1302,"Tapete Aveludado Burdays 40x60cm",0.6 m,
581abcf0-9b58-4b4a-b53b-c45aa5c9d965,"Travesseiro Camesa Micro Coton 50x70cm - Conforto e Suporte Ideal para o Seu Descanso",0.7 m,
581d309e-215b-4fff-87d7-b07b3cd179a8,"Pack Barra Cereal Avelã Cobertura Chocolate Nutry Pacote 66g 3 Unidades",66 g,
58223d7b-7a87-4207-b696-5f2708072804,"Creme Dental Colgate Luminous White - 3 Unidades de 70g",70 g,210 g
587e06d0-f4b7-40d8-8263-bc64829e9efe,"Chá Hibisco CháS Real Caixa 15g 10 Unidades",15 g,
58e563d1-49cc-41c9-ac33-f106af269ad5,"Cerveja Long Neck Pack Com 6 Unidades 330ml Heineken",330 ml,1980 ml
59068922-cbd6-416c-9d1b-64582e9fe8d2,"Cerveja Original lata 350ml com 12 unidades",350 ml,4200 ml
5908984b-f70a-4000-bcdd-9e3526b36bd6,"Cerveja Antarctica Pack C/18 Latas 350ml",350 ml,6300 ml
590b6c3c-34b3-4a8c-aae2-a65a65b9f5dc,"Sorvete Iogurte Sabores Movins Pacote 800g C/10 Unidades",800 g,8000 g
5918d68b-98c3-4416-bec6-b1d4d46c7fd5,"Sabonete em Barra Palmolive Framboesa e Amor 85g 4 Un",85 g,
59743d61-e2e8-444f-9f5d-03803549a9b5,"Sabonete em Barra Karité Dove 90g 8 Unidades",90 g,
597aed73-65ff-418a-8504-cbc7598af77e,"Copo Descartável Select Branco 300ml 100un.",300 ml,100 un
59865776-ef14-4dfa-a919-cc1770ff8b10,"Tábua de Corte Madeira Uni Lar 16cm x 47cm",0.47 m,
5992c812-765c-482e-b5e0-1e780a5e3fe9,"Copo Descartável Select Branco 200ml 100un.",200 ml,100 un
59f2d00e-e6ad-4ad5-82fc-ebe98ec2cb1a,"Hambúrguer de Carne Bovina com Picanha Bassi Sadia 360g 2 Unidades",360 g,
59f9194f-80e1-48bf-a35c-d0cd5aa5314b,"Mexedor de Café Slim Cristal 11cm Strawplast 500 unidades​",0.11 m,500 un
59ff0e36-5d00-47db-9c86-d0e15b973131,"Prato Raso Acqua 5729 Nadir 23cm",0.23 m,
5a945405-d3da-4141-985b-61a4454121eb,"Cápsulas Nescafé Dolce Gusto Caixa C/ 10 Unidades Café Casiero 80G",80 g,800 g
5ab9276c-f1d0-44d6-9e33-321fec57738e,"Porta Ovos Galinha 36cm 643480",0.36 m,
5ad3f4a8-58c7-4919-9aa5-6074c0f99f01,"Espeto Duplo Simonaggio em Aço Inox 75cm",0.75 m,
5af5c27d-6fb1-4507-a652-4f289b8f263f,"Café em Cápsula Espresso Dubai Chocolate Style e Pistache L'or Flavors Collection Caixa 52g C/10 Unidades",52 g,520 g
5af6876a-f3a6-4cab-be72-4bb8b71018fe,"Saco para Lavar Roupas com Zipper Catuaí 35x45cm",0.45 m,
5b76c754-6aba-4005-a671-bcd6c0d0fd62,"Frigideira Antiad Tramontina Loreto Sem Tampa Preta-Vermelha 28cm",0.28 m,
5b79b87f-0347-4328-ac6f-77bfa64bc516,"Frigideira Ovo Alegr Enjoy Vm 14cm",0.14 m,
5b96644c-fb06-4c0d-b21e-d4dfcca99597,"Pano Chão Mr Meex Quadriculado 42X65cm",0.65 m,
5bb32a42-6071-456d-b375-14af34104dec,"Rodo Plastico Santa Maria 40cm Vip",0.4 m,
5c03e548-a5a2-4ced-b4f0-5d8df969d00c,"Copo Plástico Branco Bellocopo 300ml C/100 Unidades",300 ml,100 un
5c13dc99-c4d1-479b-8b81-bf27b972dac2,"Taffman Ex Yakult 660ml C/ 6un Pet",660 ml,
5c276b63-5409-4f51-93b7-8e5557848497,"Kit Amendoim Yoki 420g com Guardanapos Scott 50 Unidades",420 g,
5c38fd95-d660-4341-b91c-7a0665cafe8a,"Kit Clareador Dental 11g + Creme Dental 70g New White 2un",70 g,
5c46bb33-86c9-49ea-95fb-3ea0b898c9d1,"Pack Sabonete Barra Hidratante Elite Envoltório 4 Unidades 85g Cada",85 g,340 g
5c4735a0-b100-4295-8ac4-afdc86c1e7f2,"Saco Lixo Dover Roll Com Alça Azul 30L Com 20 Unidades",30000 ml,20 un
5c4bbde2-84ed-4ab7-b7f2-a556f32c5d59,"Pack Barra Cereal Aveia com Banana e Mel Nutry Pacote 66g 3 Unidades",66 g,
5c53a8c0-bf0d-452a-8188-cf83f3e3ee5f,"Tempero Pó Nordestino Kitano Mais Sabor Pacote 60g 12 Unidades",60 g,
5c7e1e32-73fe-4197-b94f-42266ff0c97f,"Saco para Lixo Reforçado Embalixo Pacote 50un x 50L",50000 ml,
5d1c6718-9b39-4433-ac9a-1a1f13f77fe2,"Rodo Avant 30cm",0.3 m,
5d203406-579f-4b54-8cef-9217fad613fd,"Oleo Girassol 1000mg C/60 Caps",1 g,60 g
5d292559-faae-4219-ba21-b9264611f266,"Panquequeira/Tapioqueira Antiaderente Ramos 22cm",0.22 m,
5d4b08d4-ef7b-4187-8b1b-cc20f8490d62,"Espeto Churrasco Mor Duplo 65cm",0.65 m,
5d512865-19a1-427f-81f8-7abadb67cfd7,"Bold Wafer Chocolate Branco 40g (Caixa 12 Unid.)",40 g,
5d62e9b1-6dd4-41d2-8ffb-5618c45c8d8e,"Ralo Linear Herc Sif 50cm Cinza",0.5 m,
5dbbc533-3ffa-4765-a179-65e8c48110dd,"Copo Plástico Branco Bellocopo 180ml C/100 Unidades",180 ml,100 un
5dc5f6fa-68f2-4506-9ad6-88be35d7e833,"Sabonete em Barra Pele Sensível Dove 8 Unidades 90g Leve Mais Pague Menos",90 g,
5de17bbe-cc35-4a98-bb5d-9323176596cf,"Torrada De Arroz Integral Orgânica Tradicional Okoshi Pacote 75g 24 Unidades",75 g,
5e66bf36-e1a2-4651-925c-475c140f1b2b,"Bandeja Retangular com Tampa Rioplastic 500ml 24 Unidades",500 ml,24 un
5f111b95-2d68-428b-a9d6-8c6ee82c1b2f,"Pack Cerveja Pilsner Duplo Malte Brahma Lata 15 Unidades 410ml Cada",410 ml,6150 ml
5f18e5c8-48e1-46b1-a04b-c408470ad0ee,"Saco Hermético ZipBag Grande Wyda 27x31cm C/8 Unidades",0.31 m,8 un
5f243090-d164-42d2-ad84-83375512bd6b,"Rodo Plástico Santa Maria 55cm",0.55 m,
5f2b8db0-8abd-4715-abd9-23cd4914654b,"Prato Raso De Melamina Class Preto 27cm - (1x1cj)",0.27 m,
5f41491c-4ff8-4405-9161-d667388973a9,"Emb Galvanotek G50 M Media",50 m,
5f5c7a28-79ce-45f6-8970-831ce1c164f7,"Iogurte Integral Grego Original + Frutas Vermelhas Danone 510g 6 Unidades",510 g,
5f646510-d9b3-4bba-9dd7-be668b4b4a47,"Copo Descartável Altacoppo 770ml 25 Unidades",770 ml,
603e40fd-6d48-4987-b35f-71ecb7897452,"Heineken Long Neck Retornavel 330ml CX C 6unid",330 ml,
604dfd2f-003a-4e4a-87eb-7dbf10af75e4,"Pack Leite Fermentado Desnatado Morango Yakult Frasco 480g 6 Unidades",480 g,
605b8c4f-ebb9-49ea-8c64-73a7fd86e494,"Hambúrguer de Carne Mista Brasil Burger Caixa 36un x 56g",56 g,
6062ae5d-b4c0-4e4e-a229-39932b0188fd,"Saco para Alimentos 5kg Facilita & Pronto 28 x 40cm C/50 Unidades",0.4 m,50 un
608ad7ca-d664-49b6-855e-6240d37678fe,"Sobremesa Láctea Flan Baunilha com Calda de Frutas Vermelhas Batavo Bandeja 200g 2 Unidades",200 g,
60dac02a-29bf-4244-95a7-8dc49e217a61,"Kit Cálice + Cerveja Stella Artois 4 Unidades 275ml Cada",275 ml,1100 ml
60ecebfa-2324-44bc-b25e-cce4192280e7,"Sobremesa Láctea Chocolate Branco Danette Bandeja 360g 4 Unidades",360 g,
610f771f-bd69-40cd-9fb4-0422ba1bfcb5,"Pack Sabonete Barra Hidratante Amêndoas e Pistache Banho a Banho Envoltório 540g 6 Unidades 90g Cada",90 g,540 g
61180df9-5991-4882-bbcd-9b49802eacb3,"Pano Prato Veis 40x67cm",0.67 m,
6147158a-4b40-492c-9d53-36a7bac40cfb,"Rodo Plástico Santa Maria 40cm",0.4 m,
616ce1dd-cbc4-4448-9658-70670e65a7aa,"Pao De Hamburguer Roma C/ 10 Und - 550g",550 g,5500 g
61b0c298-c8b5-4cd9-919e-de78818ee375,"Caldo em Pó Sazon Estojo 4/5 Unidades 32,3g",32.3 g,
61e45ad6-0534-4e21-955f-4eb8a8052059,"Mexedor de Café Pequeno 7,5cm Cristal Strawplast 500 unidades​",0.08 m,500 un
61f5ca5f-5653-45d5-89be-585c8a6162d3,"Guarana Chp Antarctica Lata 350ml Sh C/12 Npal Leve Pague",350 ml,4200 ml
622500b5-6226-48ae-9c15-24e5c1d99b6a,"Chiclete Bubbalo Tutti-Frutti com 60 unidades de 5g - DISPLAY",5 g,300 g
627e9379-5664-4ad2-9e8e-3e076418e10a,"Balão Metalizado Dourado N 3 Junco 40cm",0.4 m,
6309978b-ce91-4f11-99d9-e3cc9d4cdd1a,"Saco Ensaca Tudo 2kg Wyda 19,5x34cm C/50 Unidades",0.34 m,50 un
63aed75d-72ba-4360-ad5b-d98d5113096c,"Chá Erva-Doce Chá LeãO Caixa 24g 15 Unidades",24 g,
63b423e6-0776-4ec8-96f3-93a7405661c5,"Cad Univ C D 1m 96f Pepsi Cola 25870 Credeal",1 m,
63e20c1e-bcf8-4f1d-9abb-5b3f33ade36b,"Guardanapo de Papel Mili com 50 Folhas Simples Tamanho 21x22cm",0.22 m,
63f20ee5-81a0-446f-abe2-bbe0c1843193,"Peneira Plástica Sanremo 10,7cm",0.11 m,
63fe1179-f131-4531-b10a-241c5b9f7f33,"Sabonete em Barra Palmolive Naturals Frescor Purificante - 8 Unidades de 85g",85 g,680 g
6409daa8-7f41-43b9-984a-b1355363e26d,"Porta Ovos Galinha Rattan R Jb1018 36cm",0.36 m,
64438801-26bc-43b7-baa9-0e6435971bd0,"Ampola de tratamento OX Vita Glow cronograma capilar 15ml com 3 unidades",15 ml,45 ml
64e10add-6365-423f-8ac4-c5abe3070ae1,"Pipoqueira Vermelha Ramos com Tampa 20cm",0.2 m,
656d36bf-07bf-4494-90e1-d549439cb276,"Forma de Pudim de Silicone UNI LAR 27,5cm",0.28 m,
657e3e12-2c63-4cb4-aba3-edef61ba1fc5,"Tempero Pó para Feijão Kitano Mais Sabor Pacote 60g 12 Unidades",60 g,
658bc317-753c-47db-87df-d1aa2ae40298,"Cerveja Império lata 350ml com 15 unidades",350 ml,5250 ml
65965e22-9658-49ee-b4a1-9562d400f60d,"Manta Microfibra Canelada VGHome Casal 1,8x2m",2 m,
65cef2ed-1ca2-4cc3-a720-257a56040479,"Conjunto de Copos Nadir Valência Long Drink c/6 peças 395ml",395 ml,2370 ml
65faa251-28fb-4c33-8b03-7e43e334868a,"Martelo Unha Cb. Emborrachado Laranja/Preto 25mm 27cm Gb59057 Mb Tools/Milenio Brasil",0.27 m,
664d82c3-a881-4a14-9145-1f6bdd5a324f,"Café em Cápsula Torrado e Moído Espresso Chocolate L'or Caixa 52g 10 Unidades",52 g,
66671a14-86cc-48ce-abca-47470c15b953,"Guardanapo De Papel Dupla Camada 33x33cm Xadrez",0.33 m,
668a7abe-25ac-48de-9bdd-3eec3d876826,"Frigideira Tramontina Line Bege 20cm",0.2 m,
66915dec-c1b3-4297-b229-1f5d17553083,"Cortador de Pizza Catuai com Cabo Branco - 5 cm",0.05 m,
66b8542f-f94c-4f1e-93b6-6f839a4c6069,"Palmito Pupunha Haste Palmito Da Fazenda 20cm",0.2 m,
66fa0498-b0e9-4e8c-ba15-7596375b0af1,"Torrada Integral Bauducco Pacote 320g 2 Unidades Leve Mais Pague Menos",320 g,
6710963e-a2d2-4abd-b4e0-3772be1e2902,"Fervedor Aluminio Vermelho Tramontina 12cm",0.12 m,
6736296c-e805-428a-a464-330df12c72bd,"Chá Cidreira, Laranja & LimãO Chá LeãO Caixa 16g 10 Unidades",16 g,
675f1a0a-aa6f-4083-8500-5ba2d42d6517,"Toalha Papel 120x220cm Espacial",2.2 m,
67803212-6020-4c82-9377-62bdfb99ea47,"Queijo Processado Polenguinho 68g com 4 unidades",68 g,272 g
67c3fa15-15fa-4f0f-a2e3-3dce7e2c01cc,"Hambúrguer Misto Sabor Picanha Brasa Burguers 56g 36 Unidades",56 g,
6817ecb3-6b52-44b9-8235-8c07613afddb,"Repelente Elétrico Líquido SBP 45 Noites Cheiro Suave com 2 unidades de 32.9ml",32.9 ml,65.8 ml
6820141e-1c20-4f7f-872e-d027bc64101a,"Frigideira Antiaderente Terracota Uni Lar 24cm",0.24 m,
68432f96-57da-443b-8263-a12bae624c0a,"Goma De Mascar Morango Zero AçúCar Trident Envelope 8g 5 Unidades",8 g,
6848c123-9165-4876-bd3a-c07f127c44f6,"Rolo de Madeira Móvel para Massa Stolf 43X5,8cm",0.06 m,
688d14e6-3948-4993-80fe-37ae0a8bfd2a,"Tapete Higiênico 60 X 55Cm Confort Pads 7 Unidades",0.55 m,7 un
68c40f6c-9530-4607-b78a-2baa1cc188b8,"Panela Antiaderente Terracota Uni Lar com Tampa 18cm",0.18 m,
68d8b6af-2aad-4534-86a6-67886663988a,"Ventilador de Mesa Ventisol Turbo 6 - 127V 40cm",0.4 m,
68e28109-b6c7-4866-b714-55ded389e4c1,"Rodo Plástico Duplo Santa Maria 35cm",0.35 m,
68ebd881-470f-4867-89a4-861396a35d5d,"Desengordurante 500ml c/20% de Desconto",500 ml,10000 ml
68fd19d2-0be5-44a9-923b-6a0720956959,"Bala Halls Cereja Pacote Com 3 Unidades 84g",84 g,252 g
6917518d-661d-4f74-ba39-a7226daf2061,"Escorredor de Arroz Inox Etilux 25 cm",0.25 m,
697721ea-3baf-4d59-8df6-838319103129,"Kit Desodorizador Sanitário Pato Caixa Acoplada Marine 40g 2UN 50% Desconto na Segunda Unidade",40 g,
6983f4b2-49f6-41a9-b2af-cd7cb0efb8db,"Copo de Plástico Descartável Térmico Branco Copobras 180ml 25 Unidades",180 ml,25 un
69bc33fb-caa0-44a6-9c79-66e714151220,"Cola Bastão Scotch 3M",3 m,
69d40ece-0f2b-4bc3-8a03-57b258e57f90,"Organizador Plasútil Multiuso 10x20cm",0.2 m,
6a834c3e-a8f0-4f53-92e1-820d0af786b8,"Iogurte Parcialmente Desnatado Morango Chambinho Nestlé Bandeja 510g 6 Unidades 85g Cada",85 g,510 g
6a9e96c0-91bd-4b38-ba1b-36445456c513,"Prato Descartável Isopor Copobras Cpr026 26cm 25 Unidades",0.26 m,25 un
6b76010f-a5e3-4caa-9707-c067c49f614c,"Pote Plástico Retangular M Facilita & Pronto Pacote 24 Unidades 500ml Cada",500 ml,12000 ml
6ba58fff-3032-4866-bec6-e9fe4fee845f,"Bebida Láctea Fermentada Morango + Tradicional Zero Lactose Vigor Zero+ Bandeja 480g 6 Unidades",480 g,
6bbddc76-129b-4d61-b745-2f8aa6144b73,"Ventilador Mondial 40cm com 6 pás 140W",0.4 m,
6bf1a4a8-4f36-41e2-bfd2-28c055639786,"Conjunto de Panela de Fondue em Casa Preta 16cm - 11 Peças",0.16 m,
6c0689cc-5003-466a-a66d-9627eba9ded6,"Pack Refrigerante Zero Açúcar Guaraná Antarctica Lata 12 Unidades 350ml Cada Leve Mais Pague Menos",350 ml,4200 ml
6c0f72cf-31ca-4a62-a31a-54171e1bb3c2,"Jogo de Copo Ginga Nadir 265ml 6un",265 ml,6 un
6c55fb90-0e41-4d3b-8534-1ba25e7419d7,"Hambúrguer Bovino Misto Tradicional Brasa 56g 36 Unidades",56 g,
6c6209be-4186-4af6-9443-2c637d22fe43,"Toalha de Mesa Facile 1,40x2,00m",2 m,
6c6bc32b-c27d-44b4-90e3-a08173910c95,"Saco para Lixo em Rolo Econômico Esfrelux Santa Maria 50l C/30 Unidades",50000 ml,30 un
6c950049-a9c9-4df3-bd7e-b08560be76bf,"Extrato Tomate Elefante Só Tomate 300g Com 2 Unidades",300 g,600 g
6d4210c6-02cf-4c9f-82c7-dbb6c55c6e57,"Chiclete Hortelã Big Big Caixa 315g 90 Unidades EdiçãO Batalha Dos Monstros",315 g,
6d5dc07e-9aa7-4e00-95d8-6bfb873824de,"Danoninho de Morango Bandeja 320g C/8 Unidades - Petit Suisse",320 g,2560 g
6d71def1-1bce-4866-9579-381ca264d0e4,"Tapete Top Sortido Burdays 58x38cm",0.38 m,
6d77e9d3-8c42-4dd6-99ab-01250a996a58,"Creme dental Oral B 100% 70g com 3 unidades leve mais pague menos",70 g,210 g
6d8b2fdf-a8cc-4287-afc8-bea107828da2,"Stella Artois Pure Gold Long Neck 330ml Sp Sh C/4",330 ml,1320 ml
6db897d7-b7f2-40b6-82bc-eba85035ad34,"Prato Raso Menu Opaline Nadir Figueiredo 24cm",0.24 m,
6dedc6f4-734d-4d5d-855d-bf9a1a964fda,"Bala Gelatina Tubes Morango Azedinho com 12x15g cada Fini",180 g,15 g
6e25eef4-aff1-4c53-9134-54ca4af37c44,"Torrada De Arroz Integral Orgânica Chia E Gergelim Okoshi Pacote 75g 24 Unidades",75 g,
6e60e83c-fbd9-4eb2-a595-1c8226f685d8,"Tempero Pó para Legumes Kitano Mais Sabor Pacote 60g 12 Unidades",60 g,
6e82166e-76fd-41eb-adbc-4e44e974604e,"Tigela Vidro Em Casa Tem Lines 25X10,5cm CM6",0.11 m,
6eb4c9da-2484-4231-a5d4-eefec024d52b,"Frigideira aluminio tramontina Turim Vermelha 22cm",0.22 m,
6f1a494f-11ca-471d-b22c-0e90083a87ea,"Mistura Para Bolo Baunilha Lowçucar Caixa 300g 2 Unidades",300 g,
6f561bed-2df7-42e1-ba29-2770e4bc4cf9,"Sobremesa Láctea Chocolate Chandelle Nestlé Bandeja 180g C/2 Unidades",180 g,360 g
6f713747-fe9a-4433-9e85-8bceafa12b44,"Corona Extra N LT Sleek 350ml Six-pack Bandeja C/4",350 ml,1400 ml
6f72e394-4ed9-4ccb-912a-86bedc0ab700,"Bold Cookies E Cream 40g (Caixa 12 Unid.)",40 g,
6f89061b-2f4b-47b2-956e-8fa7c4e228b2,"Creme dental Sorriso Carvão ativado 90g com 2 unidades Leve mais pague menos",90 g,180 g
6fb7f1e7-0cd2-4f4d-8cf7-4ee544a97385,"Sabonete Barra Erva-Doce Dove 90g 4 Unidades",90 g,
6fbb8b33-c025-4c3c-8133-9226c738c253,"Sabonete Palmolive Naturals 85g Framboesa e Amora com 3 unidades",85 g,255 g
6fc279b8-1a16-4b7e-839c-f1ba3875a136,"Peneira Plasútil 16cm",0.16 m,
6fe8490d-81a8-46dd-9a36-4f679a3ccc02,"Guardanapo De Papel Dupla Camada 33x33cm Portuguesa",0.33 m,
7006a49f-1bc5-4258-91c2-ee59a95cc3c3,"Toalha de Banho TEKA NICE PETUNIA 70cm x 1,35m",1.35 m,
701f85fe-c124-4273-8189-689adc56abaf,"Saco Lixo Dover Roll Com Alça Azul 15L Com 40 Unidades",15000 ml,40 un
704a53e0-5749-4330-94d7-62e5dfe46dba,"Cappuccino Em CáPsula PaçOca Tres Caixa 110g 10 Unidades",110 g,
7074a94b-229e-44f0-a6be-737ccf80cd84,"Manta Microfibra Toque Flannel Plush Lisa Casal 1,80x2,20m Bene Casa - Sortida",2.2 m,
707bf9ae-362e-4ae7-bc01-e6fa5fbfdd01,"Balao Liso Sortido Valves - 30 Unidades - 6,5 cm",0.07 m,30 un
70947b18-3d81-4a28-8eb7-86ed24f75756,"Sabonete Palmolive Naturals 85g com 6 Unidades",85 g,510 g
7096b775-bde4-4f0f-94dc-c5373979396b,"Sabonete Barra Hidratante Vegetal Milk Care Maciez Perfeita Cloy 80g 8 Unidades",80 g,
709a5735-932f-40cf-b16c-5b74d1497c13,"Kit Cálice + Cerveja Puro Malte Stella Artois 8 Unidades 269ml Cada",269 ml,2152 ml
70ad6915-8ab9-4c68-b5bb-3ac31d81815b,"Saco Ensaca Tudo 5kg Wyda 27,5x40cm C/50 Unidades",0.4 m,50 un
70b10e5b-4fb4-41e2-b206-bb266227282d,"Vassoura Avant 40cm",0.4 m,
70ed8893-f4d3-4fbc-910e-2f04deeaa2a9,"Colher de Silicone Catuai 27cm",0.27 m,
70ff3332-599c-4719-95cf-91965812ae3b,"Frigideira Antiaderente Francesa Panelux Magnific 22cm",0.22 m,
7131df7b-64b6-46a6-8923-db42a36b3497,"Osso Mastigável Trança Média para Cães Adultos XisDog 30g 3 Unidades",30 g,
71405837-465e-4d55-a798-cbf975b7f24e,"Saco Ensaca Tudo 3kg Wyda 22,5x37cm C/50 Unidades",0.37 m,50 un
71639cee-2fda-4af1-ade2-9e5135cd6419,"Palito Mastigável Fino para Cães Leite Deliciosso Baby 100g 23 Unidades",100 g,
717b02c9-ecac-46c7-9b8e-145f277a8e51,"Toalha Panew P/Lavabo Tam: 30x48 Cm",0.48 m,
718aaa31-09c1-4421-a905-670ccfe71f58,"Sabão em Barra Coco Ufe 900g C/5 Unidades",900 g,4500 g
7190c0ac-35bf-42e7-892f-43c5810d88b0,"Galinha Porta Ovos 32cm",0.32 m,
719cdc2a-0901-4b49-81cc-a46d6aa769e3,"Aparelho de Fondue em Cerâmica Vermelho 12,6x12,6cm Fracalanza C/7 Unidades",0.13 m,7 un
71b5f767-2e87-4ddc-843d-e919589adc8f,"Pote Galanotek G307 145ml 25un C/tp",145 ml,
71fe08ef-9490-49e0-92cc-b1e19b0ac696,"Capa de Colchão Solteiro Sortido Homeland 1,88m x 0,88m x 30cm",0.3 m,
7205dc32-7a59-46c3-a1fa-a58efce8a3dd,"Bebida Láctea Fermentada Morango + Ameixa Elegê 510g 6 Unidades",510 g,
721a7ca8-2af7-4076-923e-9dc36626f0a7,"Jogo Copo Amazon Nadir 190ml com 6 unidades",190 ml,6 un
72217cd2-46ea-45f7-8d80-1e12b691c74e,"Sobremesa Láctea Flan Baunilha com Calda de Frutas Vermelhas Batavo Bandeja 200g 2 Unidades",200 g,
724053b5-d9c5-411a-b012-83a479a55264,"Chá Mate Tostado Laranja Matte LeãO Caixa 40g 25 Unidades",40 g,
727d52fe-6a25-4cb2-9461-e01b4bde8d6f,"Pack Sabonete Barra Perfumado Rosas Brancas e Avelã Flor de Ypê Envoltório 340g 4 Unidades 85g Cada",85 g,340 g
72a47218-a824-490a-aadb-b78c5e0ba5d4,"Lava-Louças Líquido Ypê Clear - Transparente - 500ml- Rende Mais - Com 6 unidades",500 ml,3000 ml
72de2771-3031-4aab-9f86-ce62cb8cb5a5,"Bala Menta Mentos Pacote 112,5g C/3 Unidades",112.5 g,337.5 g
72f5fb0b-80c2-4e9c-aba3-5d8bf115cd91,"Colher Oval Madeira 35cm",0.35 m,
73b6ff5f-bf38-42f4-b962-211d458ffc57,"Copo para Cerveja Munich Nadir Figueiredo 300ml C/6 Unidades",300 ml,6 un
7420119c-f578-4ef3-b0df-fdc4fa7eae8d,"Limpador Polwax Limpa Banheiro 500m",500 m,
7478a0e7-40f0-4264-8c43-36879395b7e0,"Pano de Copa Camesa Do Chef 35x55cm Sortido",0.55 m,
7487c1e9-0f27-43ef-8c77-beaba12546e9,"Chá Hortelã Chá LeãO Caixa 25g 25 Unidades",25 g,
74a3e338-ba57-4b42-b1db-170972a2b61a,"Pack Leite Fermentado Desnatado Light Yakult 40 Frasco 240g 3 Unidades",240 g,
74f7af3a-0c47-4154-a348-3d6c8adb657d,"Saco Lixo Super Lixo 50l C/10 Unidades",50000 ml,10 un
7526004a-c33e-4108-b158-be60a89f510d,"Pegador Massa Silicone Catuai Preto 28cm",0.28 m,
7554d9bc-c663-4544-afa3-31458ed5c875,"Chá Camomila Twinings Infusions Caixa 10g 10 Unidades",10 g,
7587a50b-3516-4318-846e-447580c844c4,"Pack Wafer Recheio E Cobertura Chocolate Branco Lacta Bis Pacote 302,4g 3 Unidades Leve Mais Pague Menos",302.4 g,
75e7dfb6-7e87-440d-900b-5b5d308dbeac,"Iogurte Morango + Vitamina de Frutas Nestlé Bandeja 510g 6 Unidades 85g Cada",85 g,510 g
760ea4d5-9672-4fa4-a9f8-1d8cbad74dca,"Pack Leite Fermentado Desnatado Light Yakult 40 Frasco 480g 6 Unidades",480 g,
7611e808-c899-4836-b18b-6ce0179fc490,"Frigideira Antiaderente de Alumínio Tramontina Turim 24cm",0.24 m,
7614a986-4868-419d-81b2-52f3a1a2d619,"Rodo Madeira Sanches 40cm",0.4 m,
761f8c4a-63cb-4387-8350-9d7d61622ba0,"Panela Wok Loreto Tramontina Vermelha 24cm",0.24 m,
76244a0b-baf9-43fc-b5d5-46f4721bfd44,"Espeto Bambu Parana 30cm C/50",0.3 m,
76be8212-8cef-480a-9125-66f0a14d655f,"Pano Multiuso Azul Esfrebom Bettanin 33x55cm 5 unidades",0.55 m,5 un
76e1c5a2-5ed7-4f5d-bbe8-4a0a084f41aa,"Café em Cápsula Torrado e Moído Espresso Baunilha L'or Flavours Collection Caixa 52g 10 Unidades",52 g,
76fc4fa8-19c6-4bd8-8e9f-ed508cded9d0,"Kit 3 Alimentos para Cães Adultos Carne + 2 Frango ao Molho Pedigree 100g Cada Leve 5 Pague 4 Unidades",100 g,400 g
771fb670-6a8a-409f-a6d7-bae813be4d64,"Pack Cerveja Pilsen Antarctica Original Lata 12 Unidades 350ml Cada Embalagem Econômica",350 ml,4200 ml
77408606-8022-4989-a851-87f16b5eb3ea,"Sabonete em Barra Antibacteriano Protex Limpeza Profunda 8 un de 85g Promo Leve Mais Pague Menos",85 g,680 g
775a8608-1f76-4447-837a-e57e601f55a8,"Tábua Retangular Tramontina Delicate 33cm x 20cm",0.2 m,
779b0dda-c823-4cbe-a85b-fc27ac543be3,"Rodo Plástico Santa Maria 30cm",0.3 m,
77e06ac6-388d-46ea-8325-143eb49b6ba5,"Pano de saco Apl Branco 43 x 69cm",0.69 m,
786d65c7-c5c3-484a-a67c-1b8f1d60717d,"Coleira guia para cão com mosquetão Baw Waw 16cm",0.16 m,
78e4998d-bfaf-4c0a-bdae-11b4b8f653ff,"Prato Fundo Porcelana Brizzard Branco 22,5cm",0.23 m,
7952a238-eba5-4b2b-ada2-fc19735094ee,"Goma de Mascar Fresh Mint Mentos Pure Fresh Pote 56g C/28 Unidades",56 g,1568 g
79f5737a-b328-4486-8dd0-6c5e6be15937,"Balão Metalizado Dourado N 6 Junco 40cm",0.4 m,
7a251829-b7fe-4b7f-a327-a4f44533f1ca,"Vela Paraná N8 22g Com 8 Unidades",22 g,176 g
7a5250cb-fc5a-4a2d-ae87-5895490f5f2b,"Hambúrguer Misto Sabor Picanha Brasa Burguers 90g 36 Unidades",90 g,
7a5da2cc-99b7-491a-81ad-e41834d758b0,"Pack Sabonete Barra Hidratante Original Dove Envoltório 540g 6 Unidades 90g Cada",90 g,540 g
7ab6515a-b086-4858-8680-fc6c0c429cf7,"Aparelho de Barbear Gillette Prestobarba 3 L4P3un",3000 ml,
7abece37-a59d-4335-a20f-04372836c147,"Cerveja Império Puro Malte Lata Fardo C/15 Unidades 350ml",350 ml,5250 ml
7af0eb41-b823-459f-bee3-1b5d097a908d,"Trena Emb Standard 3m",3 m,
7b14e34a-48fb-4869-b880-10734ac75e63,"Chá Preto Chás Real Caixa 18g 10 Unidades",18 g,
7b983e73-654a-4f2a-8044-92b9314f2b66,"Centro De Mesa Homem Aranha 3cm - 332059 Piffer",0.03 m,
7ba4bb04-353a-420d-b644-dd73b54574a6,"Chá Gengibre & Especiarias Chá LeãO Caixa 16g 10 Unidades",16 g,
7bc29efe-5c8b-4451-b54c-b5203f371287,"Cortina Stripes Sortida Burdays 2,00x1,70m",1.7 m,
7bd21124-533c-402c-a4b9-1a513232173f,"Flanela Ouro com 3 unidades 28X48cm",0.48 m,3 un
7bd4c956-8a34-488e-bcd3-6d7885f1dc04,"Danoninho Petit Suisse Morango e Banana 480g 12 unidades",480 g,
7bfe418b-59ea-425f-88fb-d4a305530593,"Cabo Hdmi Tv Plasma Lcd Led 1,8m Internee",1.8 m,
7c14c890-40a7-4331-9676-3ce3e5f0c3b5,"Copo Plástico PS Transparente Facilita & Pronto 180ml C/100 Unidades",180 ml,100 un
7c54ece6-fd2e-42dd-960f-fdbb8f81c391,"Pack Cerveja Lager Budweiser Lata 15 Unidades 410ml Cada",410 ml,6150 ml
7c5ff247-0b91-413a-854f-54a33596c9b1,"Cobertor Infantil Sortido Idee Home 90x1,10cm",0.01 m,
7c7c3be1-521a-411d-9abf-b241e8ebf8fe,"Tododia Des Bodysplash Cereja Negra 200m Unica Un Cod_mat:174618",200 m,
7cba198e-4530-4493-9d87-b68d747eb280,"Coca-Cola Lata 350ml com 6 unidades",350 ml,2100 ml
7cf16927-98d0-480f-9bc0-080ee0b040ee,"Biscoito BelVita Leite E Aveia Multipack 75g com 3 Unidades de 25g",25 g,75 g
7cfe97d5-869b-4440-8249-d2e5fb180eb5,"Leite Fermentado Integral Aveia, Mamão e Cereais Activia Bandeja 510g C/6 Unidades",510 g,3060 g
7d05486a-8754-4482-b0f8-39c6f0cc14dc,"Colher Oval de Madeira Stolf 39cm",0.39 m,
7d347e08-2148-4cb7-bf93-d2afe107a049,"Rodo Aluninio 40cm La Rodo",0.4 m,
7d482649-865b-48ef-8e2f-368e68659068,"Frigideira Antiaderente Francesa Panelux Magnific Grafite 20cm",0.2 m,
7d49cb49-3892-46d0-b123-682d017370cd,"Repelente Líquido Elétrico 45 Noites Raid Caixa C/3 Unidades Refil 32,9ml Cada - Embalagem Econômica",32.9 ml,98.7 ml
7d8cb3dc-c8e2-4186-97d4-d5d2fe0f6021,"Conjunto de Xícaras com Pires Lorit Inga 150ml 12 Unidades",150 ml,12 un
7de18f44-0962-4612-b062-297f6af36fd9,"Café em Cápsula Torrado e Moído Clássico Orfeu Caixa 90g C/10 Unidades",90 g,900 g
7e1a3fbc-8a25-4120-93e8-b211059ea04c,"Pão Tortilha Wrap Kim Tradicional 180g Com 6 Unidades",180 g,1080 g
7e30a1c3-72f4-409a-a50d-7b77d6af6cb3,"Sabonete em Barra Nivea Creme Care 6 unidades 90g",90 g,
7e4fbdca-7203-42ce-8dc3-02b39a6bf73e,"Balsamo Nivea Pos Barba Gel Fl 100m",100 m,
7e862b0f-d552-4fe1-b2e7-0b3e4bed930e,"Copo Descartável Bompack Festa Verde 200ml Com 50 Unidades",200 ml,50 un
7ecc05c1-60ba-465d-a04f-05079e053cad,"Guardanapo De Papel Dupla Camada 33x33cm Marrocos",0.33 m,
7ed98ae1-2317-4ae3-bc1b-e14bd0251e14,"Cerveja Skol Pilsen Pack c/12 Latas 350ml",350 ml,4200 ml
7efd8c67-dd43-4bc5-af21-0f6a9d40ee6b,"Loção Hidratante Nivea Milk 400ml - 2 Unidades",400 ml,
7f1c41df-2ff2-4775-b360-aef1f57fe0ba,"Pano de Chão Amarelo Scotch-Brite 59x49cm",0.49 m,
7f7f778a-9111-4b36-8ce0-48783c916617,"Sobremesa Láctea Chocolate Chandelle Nestlé Bandeja 180g C/2 Unidades",180 g,360 g
7f9762ec-916a-4bdc-b8fe-b0816f0c0fc3,"Jogo Taça Vidro Kayra 480ml Com 6 Unidades",480 ml,6 un
7f9f14c9-6a1f-435f-a677-54b43a7018c8,"Galheteiro Vidro 300ml com Porta 85ml Kit 4 Unidades",85 ml,
8044238a-6d9c-45a5-bb26-c6f9e3ebe423,"Frigideira Wok Loreto Bege Tramontina 24cm",0.24 m,
80643489-48fb-4688-89be-5256cceb52bd,"Vela Paraná N7 25g Com 8 Unidades",25 g,200 g
808627f6-e54e-4670-8760-92c44abf224d,"Jogo Copo Ópera Nadir 360ml Com 6 Unidades",360 ml,6 un
80a06956-c2d1-4e84-8942-88b005b47cfc,"Toalha Multiuso Limpadora Alumi c/2 x 100m",100 m,
80a41eff-74d0-489a-9031-4ff3c04e5c03,"Tinta Guache Famix 15ml c/6 Cores",15 ml,90 ml
80c14f46-ddcb-4408-a7ec-d3ff8d4e7df0,"Ventilador de Mesa Ventisol Turbo 6 - 127V 50cm",0.5 m,
80e8f5a6-78dc-4e88-a0b2-326bcb554a98,"Sobremesa Láctea Flan Calda de Caramelo Batavo Bandeja 200g 2 Unidades",200 g,
810da2cf-46dc-482e-81f7-090aa6560fc8,"Travesseiro Velvet Sortido Burdays 45x65cm",0.65 m,
81726c6e-2d38-48c2-ab14-2a8f20f2a9bd,"Kinder Ovo com 2 Unidades 40g Barbie",40 g,80 g
81cd3b74-b26a-4fd3-8106-5817081661fd,"Guardanapo De Papel Essencial 14x14cm",0.14 m,
8204424d-3281-46a4-87dc-9065105ece7c,"Rodo Brilhus Bettanin 32,5cm",0.33 m,
825340df-1c2b-4a4f-af56-992f9dda5d3f,"Pack Leite Fermentado Desnatado Multifrutas E Baunilha Yakult 40 Frasco 320g 4 Unidades",320 g,
8258c78a-4fe0-493e-ad67-b055d2c7e8e1,"Hambúrguer Misto Faroeste Aurora 56g 36 Unidades",56 g,
827b5409-96f3-48a9-9436-0bb274e99a5a,"Sabonete em Barra Protex Fresh 6 unidades de 85g",85 g,510 g
82a9a2b6-9295-45cc-bac0-482cbf3043ab,"Guardanapo Bob Classé Folha Dupla 22,5x24cm - 50unidade",0.24 m,50 un
82f6ecb6-09fa-484c-8b66-45d8cf144931,"Chá Boldo Chá LeãO Caixa 10g 10 Unidades",10 g,
832626b9-f77f-401c-ba09-bd15d987b7cc,"Porta Cotonete ou Algodão Classic Frisos Plasútil 7,5x11,2cm",0.11 m,
83358eb2-2a2d-40fa-a150-d95bd412a05a,"Saco de Lixo Kid Roll 50l Rolo C/20 Unidades",50000 ml,20 un
837bf503-b586-4c02-9027-13b0234f1af8,"Copo Long Drink Aruba SM Nadir Figueiredo 465ml C/6 Unidades",465 ml,6 un
83cc6cce-2723-42ac-8a08-eaca58fe3dd2,"Cad.Univ.Cd.192f.12m.Pt4 Cliff Feminino Fsc",12 m,
83fd2aca-cbb7-49e3-897b-f95ed80dc722,"Real Iog Morango 450g Cx 12un",450 g,
84103b1e-4438-40c4-885d-3a74f1489f0c,"Vaso Redondo 3,5 Litros Com Alca 50 Cm -",0.5 m,
8411615c-3b31-4b1a-9055-0645f9ffed5c,"Condicionador Lisos te Quero Monange 325m",325 m,
8445593d-3a7a-4077-93fb-db02871c51e0,"Sacola Preta 23,5x31,5cm",0.32 m,
844757d5-3a86-4efb-a5f6-12bd08f48d05,"Café em Cápsula Torrado e Moído Lungo Espresso L'or Caixa 52g 10 Unidades",52 g,
844b2e7b-de81-4d1e-9550-0a32b94770ae,"Desodorante Aerossol Giovanna Baby 150ml Blue com 2 unidades",150 ml,300 ml
845627fb-9495-4f58-ae15-938d57c72ae4,"Chocolate Copa do Mundo Kinder Ovo Caixa 40g C/2 Unidades",40 g,80 g
84573bfa-2f2e-4770-88f1-aedbde1b1e0c,"Chá Camomila, Baunilha e Mel Leão Caixa 15g 10 Unidades",15 g,
8461c58a-8a92-4fa9-88f5-53c98da100cd,"Sabonete Infantil Pom Pom 70g com 5 unidades",70 g,350 g
8476c319-7a78-46ef-821d-968b11ab910d,"Pack Wafer Recheio E Cobertura Chocolate Lacta Bis Pacote 302,4g 3 Unidades Leve Mais Pague Menos",302.4 g,
8494f895-295b-4a13-80a8-f56c2eb13564,"Kit Vanish Tira Manchas c/2 1,8L Emb. Leve Mais Pague Menos",1800 ml,3600 ml
849ca058-5298-4137-90c0-5c34f0a6c2e6,"Urso de Pelúcia 20cm",0.2 m,
849de4fb-d943-450d-b9e2-239861df84f6,"Pack Sabonete Barra Antibacterial Fresh Rexona Envoltório 504g 6 Unidades 84g Cada",84 g,504 g
84bd3e27-c22e-44f5-84a3-8effb095e5f5,"Kit Pote Red Cristalcopo 250ml C/ 25un",250 ml,
85323637-d037-4f97-ba24-dc843d9cb792,"Prato Térmico Raso Facilita & Pronto 15cm C/25 Unidades",0.15 m,25 un
85450f16-956c-4166-8607-4c33167a865d,"Saco Lixo Rolo Preto Select 30L 30un.",30000 ml,30 un
855d097d-9118-4caa-8220-77be2baae8b4,"Relogio Parede 34cm Pepsi Cola",0.34 m,
85650d4c-a341-4455-b487-90cab6b87418,"Pano de Microfibra Zenaleti 48x68cm",0.68 m,
858d19d6-c16a-4556-a5fd-da83cd57cf70,"Pano Prato Camesa 42x60cm",0.6 m,
859819c9-e144-48d5-9deb-2057ec9bb398,"Tampa/Sobretampa Pp 500ml Ret Ultra - 1x25und",500 ml,
859a78ff-b14b-44e0-9036-7eb7c6b26860,"Saco Para Limpeza Xadrez AlgodãO Alklin Premium 60cm X 38cm",0.38 m,
85a6f6cc-a341-45da-a4a2-d85ee510326f,"Sobremesa Láctea Chocolate Chandelle Nestlé Bandeja 180g C/2 Unidades",180 g,360 g
85d93dd4-36e1-44c2-bce7-68ead0f19eab,"Cerveja Budweiser 350ml Lata Com 12 Unidades",350 ml,4200 ml
8608713a-f232-491b-9767-a34f4a49d2d5,"Rodo Vileda 30cm",0.3 m,
86546152-7b78-4699-a73d-4fa2574997db,"Biscoito Pão na Chapa Marilan Pit Stop Pacote 274g C/12 Unidades - Embalagem Econômica",274 g,3288 g
8662fa16-1003-4a5e-ba15-394e896fbecd,"Copo Plástico PP Reforçado Transparente Descartável Facilita & Pronto 550ml C/50 Unidades",550 ml,50 un
8681ca33-907f-4ae4-ae30-399221973074,"Mini Varal Plástico Raiko C/16 Clipes 31x31cm",0.31 m,
868a23f6-7012-4614-a01d-48a629ee0b59,"Cerveja Brahma lata 350ml com 18 unidades",350 ml,6300 ml
86a28871-efa0-4e2b-a3d1-ab4fb7a7fa7c,"Conjunto de Copos para Cerveja Nadir Munique c/6 peças 300ml",300 ml,1800 ml
8706bead-6974-406f-a1fe-c3deabe64aa8,"Prato Refeição 21Cm Multi Festa 10 Unidades",0.21 m,10 un
8753643a-827b-4397-bf18-47a07aa26896,"* 95030098 * Ovo Click Galinha Pintadinha 4gr CX C/12",4 g,48 g
87b04fc2-aad0-4c61-a3ba-4530a61d05bc,"Chá Preto Laranja e Mel Leão Reanima Caixa 20g 10 Unidades",20 g,
87b8e3ad-b1be-4453-ad05-a86b4b789426,"Cerveja Duplo Malte Brahma Lata 350ml 12 Unidades",350 ml,
87c64262-c94c-4b90-9c9b-0f1cebd0c721,"Chiclete Trident Max Menta Blueberry Sem Açúcar 16g -Embalagem com 5 unid.",16 g,80 g
88686521-92df-4707-b0e5-0ddb4e2b4b48,"Cápsulas Nescafé Dolce Gusto Caixa C/ 10 Unidades Chococcino Alpino 160G",160 g,1600 g
8868ac9c-43d5-4c79-9f19-b1a5ef7f69b9,"Sabonete em Barra Antibacterial Multivitaminas Rexona 6 Unidades 84g",84 g,
8883d3c0-e0f2-43ec-9738-3b258777329e,"Toalha de Rosto TEKA NICE PETUNIA 45cm x 75cm",0.75 m,
888b5776-fed0-4537-9e62-25facd19343d,"Saco para Lixo Select 15L 60un.",15000 ml,60 un
88c2749b-a2e9-46f1-8ff5-3fcffc42d4bf,"Ketchup Tradicional Ekma - Sachet 7g (Pacote com 140 unidades)",7 g,980 g
88c4dc38-1084-4ebb-aa7c-bdd00de597d8,"Panela Antiaderente de Alumínio sem Tampa Tramontina Loreto 28cm",0.28 m,
88d754ef-5922-4b2e-bc3e-7a2ca111c825,"Sabonete em Barra Protex Limpeza Profunda 85g 6 unidades",85 g,
88f06628-3a12-4b97-ac10-25aa3b99fc5d,"Zzrefrig.fanta Laranja 350 Ml C/12",350 ml,4200 ml
89049dfa-18fb-44a4-b556-278d4abe4fc7,"Hambúrguer de Carne de Frango e Bovina Defumado Perdigão Montana Caixa 672g 12 Unidades",672 g,
891b8cf6-423f-4efb-b682-6a65e49d8556,"Lã de Aço Assolan com 8 unidades 45g",45 g,8 un
8949bafe-5b0c-42a9-9ad1-e5ad2f0d9881,"Pack Sabonete Barra Glicerinado Rosas Francesas Lux Botanicals Envoltório 510g 6 Unidades 85g Cada",85 g,510 g
8955084f-2223-49c9-9348-b70d80faaa39,"Chocolate M&M's Amendoim 18 Unidades de 40g",40 g,720 g
895eb762-7795-4be6-9943-b81bc8a0ea4b,"Bandeja Higienica Para Gato 46x30x9 Cm Rosa Christino",0.09 m,
8978a6b1-e753-440d-9778-e6d590f07093,"Sobremesa Láctea Flan Baunilha com Calda de Frutas Vermelhas Batavo Bandeja 200g 2 Unidades",200 g,
89b9e701-3cad-4986-b987-d01237cdf3b7,"Creme Dental Oral B 3D White Carvão 70g Com 3 Unidades",70 g,210 g
89d72745-a68d-4a3b-ac63-5bb175815935,"Assento Eames Web Burdays 56x57x36cm",0.36 m,
89da9ab3-b6b1-42ab-9235-851ffebc5128,"Esponja De Poliuretano Para Lavar Louca Kitchen Brushes 64 6cmx16cmx6cm",0.06 m,
89e7c79f-949b-4ed1-bacb-d405999f88d1,"Saco Lixo com Alça Rolo Preto Embalixo 50L 30un.",50000 ml,30 un
89f02613-4275-4364-aab7-712e6e7729b8,"Bala Halls Morango Pacote Com 3 Unidades 84g",84 g,252 g
8a0c36b6-eb3e-4f65-86ae-7023673137a4,"Pao De Hamburger Delicia 200g C/4unid",200 g,
8a1b8fa1-91bf-431c-9b8f-7f54ff9f54a0,"Saco Lixo Rolo Select 50L 30un.",50000 ml,30 un
8a320b0c-e95c-49b1-bcf9-0d466f8451b0,"Prato Plástico Sanremo 17cm Redondo",0.17 m,
8a3ffbd8-3478-42be-867c-db1407615127,"Sabonete Palmolive Naturals Sensação Purificante 6 unidades 85g",85 g,
8a567727-4b9d-48f7-9898-e290a34d9465,"Brahma Extra Lager Lata 350ml CX Cartao C/12 Npal",350 ml,4200 ml
8a60b347-bd23-4eb7-9f10-6a6d6d98d542,"Sobremesa Láctea Flan Calda de Caramelo Batavo Bandeja 200g 2 Unidades",200 g,
8a74633e-d4ff-4859-9adc-35b69caa8cbc,"Leite Fermentado Nestlé c/6 76g",76 g,456 g
8afd5ead-f77a-4b27-a479-f0ade3a980f7,"Guardanapo Papel Santepel Folha Simples 50 folhas 23x22 cm",0.22 m,
8b199d8c-a609-4641-9cd6-d4897353b125,"Guardanapo de Papel Cameratta com 50 Folhas Simples Tamanho 21x22cm",0.22 m,
8b216b8e-6346-4ae5-8416-266a6723b276,"Sabonete Intimo Monange 200ml Com 2 Unidades",200 ml,400 ml
8b2d6f2c-c98d-431f-a432-9c262d9da0cd,"Espeto Duplo Utimil de Aço Cromado 75cm",0.75 m,
8b4a4ae2-ebeb-4f9f-b794-aa6219214f11,"Coenzima Q10 em Cápsula Nutrify Pote 34,2g C/60 Unidades",34.2 g,2052 g
8b62b2d1-0617-48f0-9cfc-ff768f5cbeec,"Bandeja Redonda Madeira Uni Lar 20cm x 20cm",0.2 m,
8bc111f0-3195-48ad-b954-a4748b52d465,"Adoçante em Pó Stevia Lowçucar Plus Caixa 25g C/50 Unidades",25 g,1250 g
8bd132d5-10bb-41ad-9b92-e3484a6b5fe5,"Pote Red Prafesta 500ml 24un C/tampa",500 ml,
8c015c72-c70a-4b6f-bad2-8fdd0d501b5e,"Bebida Láctea Fermentada Morango Zero Lactose Vigor Zero+ Bandeja 480g 6 Unidades",480 g,
8c2c7d27-4686-4c0d-889e-c63efa76a1d0,"Copo Valência Nadir Figueiredo 395ml C/6 Unidades",395 ml,6 un
8c2f449b-33ef-49f0-b4eb-8bfddb49b80c,"DESODORANTE ROLL NIVEA 50ML FEM L2 50% DESC 2 UNID DRY CONF",50 ml,
8c41c9bf-d4a8-409b-882b-7e6498102b2a,"Guardanapo Bob 20x23cm - 50unidade",0.23 m,50 un
8c4c47e3-7ef9-44a2-812f-95de84db5261,"Saca Rolhas Emborrachado com Alavanca Fracalanza 15x3x13cm",0.13 m,
8c50d958-3fd6-4d2d-9f3f-0c474090f9cc,"Guardanapo Papel Urban 33x33cm Zig Zag",0.33 m,
8c51501b-a428-4be7-9eec-45f89c9b250e,"Copo para Brigadeiro Cristal Valves Festas 50ml C/10 Unidades",50 ml,10 un
8c892d46-9e8e-477a-be1f-a88ab1d2bb0b,"Sobremesa Láctea Flan Calda de Caramelo Batavo Bandeja 200g 2 Unidades",200 g,
8ca24fa8-fc6f-42bf-95fc-4857b5c9180a,"Copo Descartável Select Branco 180ml 100un",180 ml,100 un
8ccd6436-1ac3-4f8e-bc9e-3fe860ad2e18,"Copo Descartável Bompack Premium 50ml com 100 Unidades",50 ml,100 un
8ccda621-bccc-4dbc-ae5b-ed6c9acab78c,"Espeto Simples Simonaggio em Aço Inox 70cm",0.7 m,
8ccfe2f1-9aa2-4471-ade2-3b6e0b17efa1,"Escorredor De Arroz 24cm",0.24 m,
8ccff23c-6069-4d3a-8f9e-83cb46cdf02f,"Beb Skol Beats Senses Lata 473ml C/8",473 ml,3784 ml
8cdc6023-e320-4f35-8366-3ca1834280fb,"Balão Metalizado Dourado N 9 Junco 40cm",0.4 m,
8ce0d933-4ac0-4d4c-9c0f-cb08e83a3f05,"Guardanapo De Papel Listras Metalizadas 33x33cm Dourado",0.33 m,
8cf02b9f-cc9e-42a0-b6fb-16c236d48e20,"Tapete Vizapi Brownie 50x80cm Preto",0.8 m,
8d2b3ac6-05b8-4dbc-90e4-f339adc09b0b,"Toalha para Rosto Cristal Teka 50x70cm - Sortida",0.7 m,
8d39b6d5-66e7-4376-a3ec-374f4e2c15d6,"Saco para Lixo em Rolo KS Flex 50l C/20 Unidades",50000 ml,20 un
8d6f3092-257b-4913-9fd0-4220cf47233e,"Extensao Garra 3m 3 Saidas",3 m,
8d862ccf-fe18-4e23-acf9-910ae463b164,"Pack Sabonete Barra Hidratante Original Banho a Banho Envoltório 540g 6 Unidades 90g Cada",90 g,540 g
8e0d08ff-db26-4028-b52e-6f92ab92e746,"Ketchup Tradicional Hellmann's 7g 168 Unidades",7 g,
8e1c324d-89d8-409a-9421-8dc1942ef4ab,"Rodo Alklin 30cm",0.3 m,
8e244121-6b04-44ad-9454-807b11c29205,"Kit Cálice + Cerveja Stella Artois 4 Unidades 330ml Cada Edição Especial",330 ml,1320 ml
8e24a821-3af5-4d39-a01e-9882bbf07ac2,"Tempero Pó para Aves Kitano Mais Sabor Pacote 60g 12 Unidades",60 g,
8e44c725-a9e1-4724-b71f-d1ec74a61e6d,"Organizador Retangular com Pegador Plasútil 31,4x17,4cm",0.17 m,
8e73a06b-4319-4d4c-9fbb-2321986b0a13,"Kinder Ovo Laranja 2 Unidades 40g",40 g,
8ea15a9e-e3bc-44cc-a890-ec5dc58c364d,"Travessa Oval de Inox Silver em Casa 22cm",0.22 m,
8ea91dab-7ed1-4c6e-ae84-c92304f794e7,"Ketchup Tradicional Select 7g 144 Unidades",7 g,
8ed7dc85-1998-4328-8e24-0f91b99ef79d,"Creme Dental Colgate Tandy Morango com 2 unidades 50g",50 g,100 g
8eddb2b8-c821-43c3-969f-22ef946dc7ee,"Pack PaçOquinha Cremosa Dadinho Pacote 160g 8 Unidades",160 g,
8f1953be-cc30-4045-9673-a4d8a4b2d87b,"Saco Lixo Super Lixo 50l C/20 Unidades",50000 ml,20 un
8f3d4bf2-a531-48f3-a0bc-540bf6889d36,"Saco Lixo Ks 30l C/10 Unidades",30000 ml,10 un
8fa9f2f5-1d04-4155-adbb-68f7f14858a9,"Prato descartável Bompack Festa Azul 15cm com 10 unidades",0.15 m,10 un
8fcf746e-7a3c-4eb5-9273-cefd74c99170,"Sobremesa Láctea Flan Baunilha com Calda de Frutas Vermelhas Batavo Bandeja 200g 2 Unidades",200 g,
90239d38-68ad-4973-ac55-eec72ff655ba,"Prato Desc Copob C/10 21cm",0.21 m,
905ab956-b229-48c2-9b2a-d2448fdac08e,"Hambúrguer Vegetal Futuro Burguer Fazenda Futuro Bandeja 230g C/2 Unidades",230 g,460 g
908ab0ae-347e-4edf-9c83-0e688ae35413,"Guardanapo De Papel Dupla Camada 33x33cm Pink",0.33 m,
90bc12a6-579d-4e24-b6f0-911ca378b7cd,"Frigideira wok antiaderente de alumínio Tramontina Loreto 28cm",0.28 m,
90f40eb3-afa7-4f2a-891e-8d43b810710f,"Pote Descartável Altacoppo 100ml 100un.",100 ml,100 un
912000c0-6e82-4125-9158-3515b7932fff,"Sabonete Líquido Baby Dove Hidratação Enriquecida Refil 180m",180 m,
9168d097-b048-4a09-b581-87d4df90fd8c,"Hambúrguer de Carne de Frango e Bovina Perdigão Montana Caixa 672g 12 Unidades",672 g,
91763045-e618-4526-a64e-41d1dc377a51,"Cerveja Skol Pilsen Fardo C/12 Unidades 350ml",350 ml,4200 ml
919c7027-e2ca-4aa1-8ab1-12199eb858d3,"Tempero Pó para Carnes Knorr 50g 10 Unidades",50 g,
91a7f6d8-b013-4085-9b02-fa6b08cc95c1,"Saco Lixo Reciclado Rolo Preto Embalixo 50L 30un.",50000 ml,30 un
91b1812d-5013-4908-8089-9cf5fb8babd5,"Detergente Líquido Ypê 500ml Pack C/6 Unidades 10% Desconto",500 ml,3000 ml
92137734-dc6b-4977-ba2e-dedd6e484070,"Bebida Láctea Fermentada Morango Batavo Bandeja 510g 6 Unidades",510 g,
926ca9e2-ac50-4bd5-9726-e7f0df997a6a,"Manta Microfibra PLUSH BENE CASA 1,80m x 2,20m",2.2 m,
926f1c9c-19f1-4afb-9373-3aa9bb7b5209,"Prato Térmico Fundo Facilita & Pronto 15cm C/25 Unidades",0.15 m,25 un
92cc57c1-85e6-4f81-8772-75c3889ade4f,"Copo Plástico PS Branco Facilita & Pronto 50ml C/100 Unidades",50 ml,100 un
92e9d0cf-79fc-4cde-90ad-859b91285356,"Pack Cerveja Pilsen Skol Lata 15 Unidades 410ml Cada",410 ml,6150 ml
92f6d6f3-523f-491c-82b4-959d0636ea1c,"Saco Lixo Kid Lixo 30l C/10 Unidades",30000 ml,10 un
9333eeea-f9ca-475a-842e-5d0b065a8571,"Iogurte Grego Integral Original Danone Bandeja 340g 4 Unidades 85g Cada",85 g,340 g
933f8f75-1011-42ad-9b93-3a5649dca23e,"Chiclete Trident XSenses Herbal Sem Açúcar 8g - Embalagem com 5 unid.",8 g,40 g
9355a8c7-e75e-4351-8d3a-3f0eed74adf3,"Chá Mate Tostado Laranja E Cravo Real Caixa 32g 20 Unidades",32 g,
9358cee5-e2e6-43b3-b99d-7f760c8f724c,"Cerveja Budweiser Lata 410ml C/ 12 Unidades",410 ml,4920 ml
935f8c46-ab75-499f-9658-e5c7a0034491,"Ar0161 - Feltro Protetor Preto 2,2 Cm 32pcs Cx80",0.02 m,
93674073-172d-4761-ab06-db95c8a45dab,"Inseticida Isca Mata Baratas Raid Caixa 6 Unidades 2,6g Cada",2.6 g,15.6 g
93c6256e-f86f-4821-b8b6-20c478b04f36,"Torrada Integral Peito De Peru Marilan Lev Magic Toast Pacote 130g 6 Unidades",130 g,
93f4e959-5ab8-4ba0-8d4d-74d2edea5d56,"Tapete Vizapi Brownie 50x160cm Preto",1.6 m,
940b1088-1848-49fd-9483-9e9990bd9b77,"Copo 100ml Copaz C/100",100 ml,10000 ml
941a1991-f02e-4a9d-9d36-c9e586f1c15d,"Torrada Tradicional Bauducco Pacote 284g 2 Unidades Embalagem EconôMica Leve Mais Pague Menos",284 g,
9429ef15-e784-4b76-949c-2fb942597d20,"Biscoito Recheado Oreo Golden Chocolate - Cartela com 3 Pacotes de 90g",90 g,270 g
94570be1-fc2d-474b-ac09-6afa3cc6430c,"Guardanapos Bob 30x30 Cm",0.3 m,
945b2dc6-d300-473f-8c56-75fbbe1aacf4,"Frigideira Aluminio Tramontina Turim Vermelha 24cm",0.24 m,
948996e2-f593-4762-bfed-2fd2f218630d,"Café em Cápsula Torrado e Moído Lungo Intenso Pilão Caixa 52g 10 Unidades",52 g,
94b77b69-7dae-41d5-8e37-051d5e647ac2,"Rodo Vai e Vem Interno Plus com Cabo Noviça M 40cm",0.4 m,
94c1b829-7168-403f-8a60-d57eebc1280a,"Leite Fermentado Desnatado Uva Chamyto 80g C/6 Unidades",80 g,480 g
94dcf30a-4f7a-4f85-9421-6da55e955d05,"Saco Plástico Freezer 23x38cm 3L Embafreezer Embalixo 100 Unidades",3000 ml,100 un
9513d5d6-a46e-45ad-9309-bae477e1863e,"Chá Leão Amo + Mirtilo + Baunilha Sachet 22g - Caixa com 10 Unidades",22 g,220 g
953c412d-25b4-49d0-9425-8b6c0f761274,"Vaso Plástico Sanremo 13cm Redondo",0.13 m,
9543e58b-0c03-4595-9839-e059b58ed662,"Rodo Simples 1m",1 m,
958362f9-c055-4a63-a0e9-fc75bfca25ec,"Pack Odorizador de Ambiente Lembranças de Infância Glade Automatic Frasco 2 Unidades 260ml Cada Spray Refil",260 ml,520 ml
95b67047-01dc-4227-b588-935802735e98,"Balão Metalizado Dourado N 0 Junco 40cm",0.4 m,
95ee7dca-ea91-4636-988e-449281518ecb,"Abridor de Lata e Garrafa Gigante Inox Catuaí 21cm",0.21 m,
96018e54-9b22-42f4-a5f1-6a7ade2f9361,"Saco Lixo Super Lixo 15l C/20 Unidades",15000 ml,20 un
963755b9-b47c-467e-a530-6e6f29f7256d,"Espet Churr Mor Simples 65cm",0.65 m,
9678530b-3676-44cb-80ab-39b73d7dc344,"Prato Descartável Bompack Amarelo 15cm Com 10 Unidades",0.15 m,10 un
967eca50-6ea0-433f-b081-94d4bb8a79cf,"Prato Desc Minaplast Plastico 15cm C/10",0.15 m,
96e4dba3-039a-4831-8681-07ebec1695de,"Fanta ou Sprite lata 350ml com 06 unidades",350 ml,2100 ml
97427b91-c5c0-4849-8c16-c79ca57dd1cb,"Palito Mastigável Fino para Cães Adultos Chocolate Deliciosso 100g 23 Unidades",100 g,
976d33c8-ea1d-4079-8bf4-b8c94af04539,"Pack Barra Cereal Coco Cobertura Chocolate Nutry Pacote 66g 3 Unidades",66 g,
97776e6e-f0ae-4be0-9238-be4cf9680a57,"Biscoito BelVita Leite E Aveia Pack Econômico 225g com 9 Unidades de 25g",25 g,225 g
97ad9503-230d-43b0-bb42-17a8d3810e4e,"Fresh 15g Morango 15un",15 g,
980d7907-3556-4edc-a642-0f1559783c6d,"Margarina Qualy C/2unidade 500 Gr+p/margarina",500 g,
986ca906-649c-463b-a9e3-6b9a2f3793e6,"Mochaccino Em CáPsula Avelã Nescafé Dolce Gusto Caixa 170g 10 Unidades",170 g,
98daeb88-a618-4398-8f03-4be2314c854c,"Sabonete Flor De Ypê Maçã e Framboesa 85g Com 6 Unidades Leve Mais Pague Menos",85 g,510 g
990bc557-9c07-4bc5-8d30-d84be086b5e1,"Guardanapo De Papel Dupla Camada 33x33cm Mar De Rosas",0.33 m,
99129396-1295-47bd-85b4-6b70f4e1de3c,"Final Chikas 300m Adios Queda",300 m,
99345edb-f5b5-4cb8-beb8-3252be8eff2a,"Corona Extra N LT Sleek 350ml C 8 CX Cartao",350 ml,
997e2851-716f-44dd-aa4b-763a22bf03f6,"Sobremesa Láctea Chocolate Chandelle Nestlé Bandeja 180g C/2 Unidades",180 g,360 g
999c75d3-9ba8-4816-9d0f-af98b1580075,"Cerveja Brahma Lata 350m",350 m,
99ad3ca5-eaf4-4ddc-bc73-440949139b82,"Brahma Chopp Lata 410ml CX C/15 Multpack",410 ml,6150 ml
99b2f756-8dc2-4a2e-b7a4-b8a04cff330c,"Vela Paraná N15 18g com 8 Unidades",18 g,144 g
99edbdd5-61bc-4958-b7b1-35ac4fa2b712,"Conjunto de Taça para Água Nadir Gallant c/6 peças 320ml",320 ml,1920 ml
9a005df7-0cbb-42e1-96a9-9d505e48c656,"App Cjto C/ 04 Stellas Artois 250ml",250 ml,1000 ml
9a0fb043-2780-4413-b9ee-967218be3803,"Hambúrguer de Carne Bovina Costela Bassi Sadia Caixa 360g C/2 Unidades",360 g,720 g
9a242310-d10d-49d9-9f2c-0c0e7c968999,"Toalha Banho Nice Petunia Teka 70x135cm",1.35 m,
9a25a769-f522-4fdb-bc45-0405598a4774,"Rodo Algobom 30cm",0.3 m,
9abd4193-d427-4411-bf41-aece062acf8e,"Bala Dadinho Tradicional 60 unidades 600g",600 g,
9b0f3997-f742-4b24-8ba4-41f998952fe4,"Toalha de Banho Adansonia 60x120cm",1.2 m,
9b129773-a28b-417d-b81c-9ac36678d56f,"Porta Travesseiro Matelassê Stripes Sortido Burdays 50x70cm",0.7 m,
9b5b5eb7-9d40-447b-9de1-7659ae8b054f,"Guardanapo De Papel Diplomata 13x14cm",0.14 m,
9b69cedf-7ef2-48ac-92ad-c989bc387f59,"Assadeira Fort Lar Retangular Alta N3 34,5x24x5,5cm",0.06 m,
9b7a7ab1-900e-4992-b3b8-402803fa5f74,"Guardanapo De Papel Dupla Camada 33x33cm Roxo",0.33 m,
9b88e83e-0025-494f-bef0-97ee42e525f8,"Prato Fundo Opaline Saturno Nadir Figueiredo 23,5cm",0.24 m,
9b8c96a5-ebea-4136-b597-edd76f6786be,"Cerv Heineken Long Neck Pack 24un 330ml",330 ml,
9b9ce4fd-1032-47c9-8b4c-8ee424041d52,"Pack Refrigerante Guaraná Antarctica Lata 6 Unidades 350ml Cada Leve Mais Pague Menos",350 ml,2100 ml
9bbd84dd-0e2f-4567-b67c-697180ef2ad3,"Massa Para Pizza Com Molho 280G Pizzaola 2 Und",280 g,
9c0a4fd2-0700-4a7f-859e-bc464db4213e,"Filtro de Linha Branco 4 Tomadas Megatron 1m",1 m,
9c4c60b6-a9a8-4f84-9e53-9c8504175146,"Flanela Ouro com 3 unidades 28X38cm",0.38 m,3 un
9c6690c6-7335-4c94-994c-954120d369ad,"Sabonete Palmolive Naturals Nutrição Intensiva Karité e Vitamina E 6 Un 85g",85 g,
9c81cc83-ecd0-41e3-8a39-3990036b219b,"Bombom Raffaello com 15 unidades 150g",150 g,2250 g
9cb77a84-79a9-4af7-b534-cd4d9ff1fd70,"Escorredor de Massa Inox Etilux 24cm",0.24 m,
9d303a27-3d8a-4681-ae99-e1255cd4b3ff,"Prato Fundo Acqua Nadir 5829 22cm",0.22 m,
9d3d712c-879f-44b4-acbd-e984d5ecbabb,"Snack De Pão Sírio Parmesão Com Alho E Ervas, Tomate Com Manjericão E Alecrim Pita Chips Pacote Leve 3 Pague 2 Unidades 45g Cada",45 g,90 g
9d6fa099-841b-457a-ae4f-95d94bf263d8,"Kit Colcha Cobre Leito Queen Burdays 2,40x2,60m",2.6 m,
9d7ed9ee-d1b2-4215-82b5-86129be22a33,"Pao Sirio 7cedros 330g C/5 Trad. Grande 9",330 g,1650 g
9d7f9097-b5f4-47ce-a3b6-d19887cfbeb3,"Café em Cápsula Torrado e Moído Orgânico 3 Corações Rituais Caixa 80g C/10 Unidades",80 g,800 g
9da88520-e2ae-45e3-8e3f-068bce5629f5,"Prato Descartavel Junco Plastico 21cm 50x 10un Branco",0.21 m,10 un
9dafb7bd-9503-4c56-9bc3-b6b7c0e8c2ee,"Prato Plástico Azul Valves Festas 15cm C/10 Unidades",0.15 m,10 un
9db808a6-611f-435d-9eac-4c4bab0b539a,"Prato Plástico Sanremo 13cm Redondo",0.13 m,
9dd0a9a0-f7f0-407f-9d20-688e1f886544,"Pão Sirio Maxifour Grande Com 6 Unidades 450g",450 g,2700 g
9ddde8f3-8f96-499b-8f41-e34c190f16fd,"Chá Mate Tostado Canela Matte LeãO Caixa 30g 25 Unidades",30 g,
9e001dd7-98fe-4e9e-814b-9a306b40f6d6,"Tempero Sazón 60G 12 Unidades Branco",60 g,
9e03e3c3-2b05-4864-a594-533c17430506,"Toalha de Banho TEKA LUIZA Azul ou Rosa 70cm x 1,30m",1.3 m,
9e138054-d142-4f44-94d0-68091a1b25d5,"Refresco Promix 250g Abacaxi Cx-10un Qtd. 1.00 Cx",250 g,
9e23a318-854a-4fc5-85f4-fc36921d87a5,"Pote EPS com Tampa Copobras 500ml 20 Unidades",500 ml,20 un
9f10859c-410d-4adb-b93e-9db2f3b36a8b,"Pack Biscoito Original Vitarella Delicitá Pacote 138g 6 Unidades",138 g,
9f5ffb47-cdf7-4fce-96aa-dea35c2ce4ac,"Faca para Frutas e Legumes UNI LAR 23,1cm",0.23 m,
9f7705fa-2dff-42c3-bfbc-6f5e9c20d495,"Porta Escova Dentes Classic Frisos Plasútil 7,8x20,5cm",0.21 m,
9f97d10c-bfbb-402e-b153-c6fb108466c8,"Guarda Sol Classic Silver Coating Belfix 2m",2 m,
9fa8e627-a358-4671-ad6a-b7ba0b6274bf,"Azeite Essência Portuguesa Elaborado C/ 40% De Azeite Extra Virgem 500Ml",500 ml,20000 ml
a03025fa-92e6-4d28-b349-80b0fc132397,"Grelha Ninha em Aço Inox 50cm x 30cm",0.3 m,
a04db4bc-0cac-4ba4-87aa-b9c3a2a4ecd5,"Chá Mate Tostado Natural Real Caixa 32g 20 Unidades",32 g,
a05d02e1-1243-4055-82c5-c06a0d7daef0,"Boneco Stich Mimo 40cm",0.4 m,
a09accb0-4966-48d4-86b4-8a46a21b2070,"Saco de Poliéster Assa Rápido Wyda 41x33cm C/10 Unidades",0.33 m,10 un
a0bd565f-e995-4dd4-b1b1-5f6830d18288,"Pack Cerveja Lager Budweiser Lata 15 Unidades 310ml Cada",310 ml,4650 ml
a0c25fe3-309d-482c-be74-ff3dcf978b9a,"Leite Fermentado Activia Polpa Morango 680g 8 unidades",680 g,
a121c794-503d-4806-b632-0d573f162370,"Frigideira Linz Bege Tramontina 24cm",0.24 m,
a1370290-6a65-4706-86ee-2840188290b1,"Açúcar Cristal Orgânico União Sachê 5g 400 Unidades",5 g,2000 g
a144f624-8fa9-4d5d-a979-a1c73542ab87,"Torrada Integral Isabela Pacote 284g 2 Unidades Leve Mais Pague Menos",284 g,
a15e0ffa-429a-40ef-a905-404cad3cd3a0,"Chá Bom Descanso Melissa, Maracujá E Capim-Cidreira CháS Real Caixa 15g 10 Unidades",15 g,
a1949f97-8b76-4a94-98d5-b1f0852eb9db,"Pelúcia Dinossauro For Kids 30cm",0.3 m,
a1b68251-45b2-4428-bdfa-e1e59cec1e99,"Pano Overlocado 40X60cm Bom Pano 3 Unidades",0.6 m,3 un
a1c3e9db-50a2-4135-9621-ddf2b143e0a3,"Forma de Silicone para Air Fryer Prime Grill 16,5cm",0.17 m,
a1deb673-241a-41be-a079-6a73b06d4bd3,"CaçArola Tramontina Solar Inox - 16cm",0.16 m,
a20e7e8e-1ae8-42ad-bea9-4b92b2a58342,"Geladinho Gelauzinho 55ml - Pacote com 16 Unidades",55 ml,880 ml
a24e308f-84a0-4f1b-b970-cd88ac8e88ce,"Conjunto de Pratos Fundo Astral c/6 peças 22cm",0.22 m,
a2794acf-bee6-41d3-b225-3376e9e13989,"Omeleteira TRAMONTINA Loreto - 20cm",0.2 m,
a29c8008-54cd-4430-bc50-1ac3b3555e5f,"Wok Loreto em Alumínio Grafite Tramontina 28cm",0.28 m,
a2a0bd22-32bc-4160-8557-c23a23b9bf9b,"Café em Cápsula Torrado e Moído Blonde Espresso Roast Starbucks Caixa 94g C/18 Unidades",94 g,1692 g
a2b3861b-f24f-495a-9c5e-e59d163c27ea,"Prato Desc Totalplast Fundo 14,8cm C/10",0.15 m,
a2bd49eb-3ec3-4a4a-8df4-a82e29db508c,"Stella Artois Lg Long Neck 330ml Six-pack Shrink C/4",330 ml,1320 ml
a2c23f5e-db3b-4bdf-9ba1-fa3682e1cf09,"Guardanapo De Papel Dupla Camada 33x33cm Cupcake",0.33 m,
a2e69f5f-62fa-402d-91f9-e20b7e389c21,"Limpador Multiuso Veja Gold Original com 3 unidades de 500ml",500 ml,1500 ml
a30224e2-ec72-4703-bf32-04ffe5e0b9cd,"Goma de Mascar Trident Hortelã Pacote com 4 Unidades 32g",32 g,128 g
a342dff6-665b-4042-b283-de06caf440d3,"Guardanapos De Papel Malu 14cm X14cm",0.14 m,
a34981ed-bbb6-44e8-9939-1a742580e9b6,"Sabonete Dove 90g com 6 unidades",90 g,540 g
a3933fa8-075a-4e7e-ac87-dea952c46aa9,"Desodorante Roll-On Invisible Black & White Clear Nivea 2 Unidades 50ml Cada",50 ml,100 ml
a39cda33-16e1-4893-a3f2-2b0e41bc1e21,"Guardanapo Folha Dupla Select 50un 32X33cm",0.33 m,50 un
a3b1d7ec-d134-4191-be36-fc32ec85a271,"Pincel Silicone Catuaí Preto 26cm",0.26 m,
a46d5496-ad2b-44ea-be91-ee6b688c3598,"Colcha Aveludada Aconchego Solitudine 2 20m X 2 40m Az Cd",40 m,
a4bc0f61-83cd-4246-83f1-2ff8081ae5c6,"Biscoito BelVita Mel E Cacau Multipack 75g com 3 Unidades de 25g",25 g,75 g
a54d01e0-970c-4196-9fee-54a1f46ee749,"Rodo 30cm Borboleta",0.3 m,
a55cb9b2-2ba4-4d74-ba82-6497a3eee5f2,"Saco Lixo Branco Kid Lixo 15l C/20 Unidades",15000 ml,20 un
a5c4ce23-bfb4-432e-a2f9-2edae218168c,"Açaí Cremoso Frooty Tube com 4 unidade de 80g",80 g,320 g
a5e05800-b3ae-4eb4-955e-2223bd0faa02,"Pão de Hambúrguer Select 480g 6 unidades",480 g,
a5f2d7c4-b8d9-4a45-acc9-f37f5e85f328,"Prato Descartável Cristal Redondo 15cm Strawplast 10 un",0.15 m,10 un
a5f63442-2e92-47d2-a187-a4b4bdf0abf3,"Sobremesa Láctea Flan Calda de Caramelo Batavo Bandeja 200g 2 Unidades",200 g,
a6031667-1963-4341-aff7-a4d144dca0dd,"Chá Mate Tostado Guaraná Matte LeãO Caixa 40g 25 Unidades",40 g,
a63b395d-adc9-4a2a-877f-53e0ce94f9c6,"Copo Plástico Descartável Bompack Premium 180ml com 100 Unidades",180 ml,18000 ml
a6673f72-3a5d-4736-82cd-4ea141b868d3,"Saco para Lixo Kid Lixo 100L c/5, 30L c/10, 50L c/10",50000 ml,
a6a07494-6a26-4153-8a5c-1e5ab797bff6,"Jogo Americano Sousplat Burdays 37cm",0.37 m,
a6cbfe53-07a0-4808-903e-1f91f3fd13d6,"Bobina Picotada 25x35cm Embalibag 500 Unidades",0.35 m,500 un
a6e4384e-9090-4866-a8dd-437c8ae2e64a,"Tira Manchas Vanish Líquido Multiuso para roupas brancas e roupas coloridas - 2 unidades de 1,5L",1500 ml,3000 ml
a7828b4c-079a-4c85-9c6c-1b5f59dacc51,"Café em Cápsula Torrado e Moído Bourbon Amarelo Orfeu Caixa 90g C/10 Unidades",90 g,900 g
a787745c-cc9b-4374-bc5f-e4b952a9f21d,"Odorizador de Ambiente Lavanda Toque de Frescor Refil 12ml Glade 2 Unidades",12 ml,
a787ce5a-1dd0-4e0c-80cc-1a91261fdd49,"Beijinho - Bandeja C/8 Unidades aprox. 160g",160 g,1280 g
a7ffb045-88af-48f4-9300-e785e953f712,"Refil para Rodo Alumínio Sanches 40cm",0.4 m,
a8090dfb-d306-4cb4-950e-fab110e82747,"Pao Sirio 7cedros 250g C/20 Trad. Pequeno 10",250 g,5000 g
a81cc42c-a2f3-486c-9fc7-f12dcc89741c,"Espeto Churrasco Tramontina 55cm",0.55 m,
a8299515-052f-4305-bef6-a0ff0d2fa3b2,"Chocolate Recheio Coco PortãO De Cambuí Ouro Caixa 990g 30 Unidades",990 g,
a82baeda-1c8e-4d3e-b96e-35c4c69a7f23,"Waffle Integral Light Forno de Minas Pacote 280g C/8 Unidades",280 g,2240 g
a82fcb82-5fd5-4b13-9f1a-5eb611bef71f,"Chiclete Bubbaloo Uva 5g - Caixa com 60 unidades",5 g,300 g
a851f28c-7cd4-4858-991e-f1c7819ed17d,"Cerveja Em Lata Pack 12 Unidades, Brahma Duplo Malte, 473ml",473 ml,
a88e41a0-d52c-448c-abcd-d9377c6bb9bd,"Biscoito BelVita Mel E Cacau Pack Econômico 225g com 9 Unidades de 25g",25 g,225 g
a8eb008c-2da5-45c0-84e8-f72095dde4e4,"Funil Plástico Sanremo 12,8cm",0.13 m,
a8f33578-8c87-41f3-be46-197f1066630e,"Ventilador de Mesa NVT-40-8P-B 40cm Mondial 110V",0.4 m,
a8f5ee8d-b35d-48f6-bad1-b8cc2e7b8808,"Refrig Sprite 350m",350 m,
a916f58d-bcf6-4a47-84d6-ce2d9ecd2249,"Guardanapo De Papel Dadu 20x22cm",0.22 m,
a92adb74-ffe7-4b5b-b851-e0888e24f8f2,"Bebida Láctea Fermentada Morango + Vitamina de Frutas Vigor Bandeja 480g 6 Unidades",480 g,
a932b729-8db1-4131-bb66-25b45419ce42,"Bebida À Base De Soja Uva Yakult Tonyu Caixa 5,4l 27 Unidades",5400 ml,
a96522d6-5e66-4920-a6a2-2bac0f4fadda,"Papel Toalha Bomp 22x18,5cm",0.19 m,
a96679a3-fc75-49e0-b66b-8e46817f2680,"Torrada Integral Bauducco Pacote 284g 2 Unidades Embalagem Econômica Leve Mais Pague Menos",284 g,
a9905993-1912-4265-89f4-53968baea6bf,"Frigideira Alumínio Tramontina Loreto Funda Vermelha 28cm",0.28 m,
aa2c1c22-b94f-4cd7-8f58-32e004fb93b6,"Chá de Pêssego Leão 20g 10 Unidades",20 g,
aa38d02c-a348-46bc-b5e8-78e1a1d3cd33,"Sabonete em Barra Protex Nutri Protect Vitamina E 85g 6 unidades",85 g,
aac4c249-34de-47b9-b27d-cd567182d7b9,"Aranha C/Pelos Preta 50cm Ref.Pa0044-50",0.5 m,
aada53f2-cf6f-4947-b199-2b51b74bd57d,"Tabua P Corte Madlar 19x39cm",0.39 m,
aaf9495a-2410-40b6-8d89-b525d8ee9e63,"Salgadinho Lanchinho Sortido Elma Chips c/5 Pacote 94g",94 g,470 g
ab0b06b0-82f1-4116-9f24-16152b357ee7,"Pack Bebida À Base De Soja Morango Yakult Tonyu Caixa 18 Unidades 200ml Cada",200 ml,3600 ml
ab1c8903-78e3-47f1-9424-c60e7ea031cc,"Leite Fermentado Desnatado Activia Frasco 450g C/6 Unidades",450 g,2700 g
ab3166e3-a89a-457e-9564-7958f102cfc8,"**cerveja Stella Artois 269ml C/8un",269 ml,
ab46f981-dd63-4501-8500-a32792cf8def,"Rodo Alem Paraiba 60cm",0.6 m,
ab75a84f-6779-4205-a307-198a5287abc3,"Creme Dental Colgate Tripla Ação Xtra White 70g Com 3 Unidades Leve Mais Pague Menos",70 g,210 g
abb37046-d30d-483c-b955-3f3fe25dd131,"Guardanapo Papel Urban 33x33cm Matryoshka",0.33 m,
abe4ec3e-ddb0-4df6-9695-d3428aaf2579,"Cápsula 3 Corações Café Gourmet Coado Tres 10 Unidades 7,5g",7.5 g,
ac3da21f-0cc6-4f0c-8b78-f21abfb36e68,"Chá Morango CháS Real Caixa 15g 10 Unidades",15 g,
ac50b2ac-a7f6-4892-a863-e377968bfc61,"Saco Lixo Preto Brilhus 50L 30un.",50000 ml,30 un
ac618774-a0d5-479c-baed-75e93144a7d0,"Café em Cápsula Torrado e Moído Ristretto Espresso L'or Caixa 104g 20 Unidades",104 g,
ac8217d2-844d-462d-914e-9113423e5d29,"Rodo Zapelim 30cm",0.3 m,
acbac421-ccb7-41bc-babf-de1cf7d736fd,"Kit Sabão em Pó Tixan Ypê Primavera 800g 2 Unidades + Grátis Amaciante Concentrado Ypê 500ml",500 ml,
acbda879-eaed-4b7a-8d7f-d88d2ad6db63,"Pack Cerveja Pilsen Skol Lata 6 Unidades 310ml Cada Embalagem Econômica",310 ml,1860 ml
acd186a8-3d9d-487c-a191-f3a9e858337c,"Gancho Pequeno Branco com Tira Adesiva Suporta até 0,5kg Scotch C/4 Unidades",500 g,4 un
ad5b0e60-4178-4dc5-ab00-6e8528190ad4,"Rodo Máxima Aderência Interno Noviça G 51cm",0.51 m,
ad610710-28ad-412c-bb2d-41edd9752c9c,"Creme Dental Original Mint Prevenção Ativa Total Colgate Caixa C/3 Unidades 90g Cada",90 g,270 g
ad78eefc-c1f2-47e4-a3a4-444150b2e0ac,"Goma de Mascar Trident Melancia Pacote com 4 Unidades 32g",32 g,128 g
adee77bd-0b51-4d91-b617-30b031054a4f,"Brigadeiro - Bandeja C/8 Unidades aprox. 160g",160 g,1280 g
adfd08de-e041-40db-b763-46311ace52eb,"Pano Microfibra APL Mult Uso35X45 M",45 m,
ae6327c4-d2d5-4ae1-94fb-5bed414ff0d0,"Maionese Heinz Sachê 7g 144 Unidades",7 g,1008 g
ae90bd78-4496-465f-ad11-48199b97464f,"Saco para Hamburguer Valves Festas 9x10,5cm C/50 Unidades",0.11 m,50 un
aea500bf-fd11-4c08-af95-159128936c51,"Bandeija Pintura 23cm Metasul",0.23 m,
aeba965d-4837-4d59-8634-5f349547fdd7,"Iogurte Grego Desnatado Morango + Maracujá + Tradicional Zero Lactose Batavo Pense Zero Bandeja 510g 6 Unidades 85g Cada",85 g,510 g
aebb1207-173a-401e-bb0b-6adb2db0b306,"Copo Desc Glight 200ml C/100 Transp",200 ml,20000 ml
aeea709e-8de6-4a2c-950d-edadd255418c,"Salsicha Defumada Perdigão 500g 12 Unidades",500 g,
af089c6c-5ce4-47cb-9a22-79986e4dcd49,"Peneira Plasútil 7cm",0.07 m,
af24621f-9348-48e4-be84-1e3f97d14161,"Saco Lixo Kid Plus 40l C/10 Unidades",40000 ml,10 un
af75747e-aa1b-42da-99dd-bc65c8918028,"Guardanapo Papel Urban 33x33cm Indian Flower",0.33 m,
af775f8a-ec0f-4518-bdf4-3af0a87449cc,"Suporte Mao Francesa Colon 20cm Pto 08152.001",0.2 m,
af95d9a4-9b57-4d57-9374-416756a0080f,"Sifao Simples Univ 73cm Pt Krona",0.73 m,
afd81d02-4d44-43f4-a5e8-024d5dc3c128,"Espeto de Madeira Churrasco e Cia Ninha 25cm C/40 Unidades",0.25 m,40 un
afdfbe64-dbe6-4c20-9a07-df70e71dd00e,"Sobremesa Láctea Chocolate Chandelle Nestlé Bandeja 180g C/2 Unidades",180 g,360 g
affbc919-397b-4d95-9df0-8a22a70b244e,"Saco de Poliéster para Assados Churrasco Facilita & Pronto 45x30cm C/7 Unidades",0.3 m,7 un
b032eb6c-05a6-4678-a27e-93df9311a5e3,"Taças de Sobremesa Inga Lines Conjunto com 3 Unidades de 270ml",270 ml,810 ml
b040e06d-9b99-4bc2-9300-6b9bb9b46a2b,"Creme Dental Anticárie com Flúor e Cálcio Colgate Tripla Ação 90g 4 unidades",90 g,
b050ccbe-7ef2-428e-984c-ea826f948e23,"Enforcador para Cães 1,6 Agrovet 40cm",0.4 m,
b0a0de4d-eb17-40ac-a84d-57864113c4e7,"Panela Caçarola Antiaderente Terracota Uni Lar com Tampa 22cm",0.22 m,
b0c2dee2-20d9-4a19-b532-5c167f02a0bd,"Sobremesa Láctea Chocolate Creamy Batavo 360g 4 Unidades",360 g,
b0dc7462-d10d-40a4-8d56-8d671683df66,"App1 Beb Lactea Whey Piracanjuba 23g Fv 250m",250 m,23 g
b13d78d9-46b5-468a-83bc-686f213c2f9d,"Organizador Mod 15x7,5x5,2cm Br",0.05 m,
b148a919-6677-4961-aea4-add444f12b40,"Mesa Plástica Branca 70x70cm - Libertyplast",0.7 m,
b1502233-3be0-4a43-899b-54f93d5e3b28,"Repelente Líquido Elétrico 45 Noites Raid Family Caixa 2 Unidades 32,9ml Cada Grátis 50% de Desconto no Segundo Refil",32.9 ml,65.8 ml
b17a059b-d852-441b-81fd-628678f81659,"Prato Plástico Fundo Branco Valves Festas 15cm C/10 Unidades",0.15 m,10 un
b18245cf-bc7f-4f23-a2ce-4421c319e68d,"Queijo de Coalho Tirolez Pacote 280g c/7 Espetos",280 g,1960 g
b1aebd71-224b-497a-a973-59b4d0924708,"Tampa de Vidro Ramos N20 20cm",0.2 m,
b1cd3e83-b091-4bc7-a311-db83f7e731fb,"Sabonete em Barra Lux Botanicals Lírio Azul e Pitanga - Pacote com 6 unidades de 85g",85 g,510 g
b1d76176-0f77-4a08-bf54-74f9c3ab5e89,"Goma de Mascar Trident Menta Pacote com 4 Unidades 32g",32 g,128 g
b1d9315f-0027-4142-8294-e4d406f3e730,"Copo Descartável Bompack Premium 180ml Com 100 Unidades",180 ml,100 un
b21cf6e4-3f5a-4cf7-a46a-15717fa942ae,"Guardanapo De Papel Baloes Happy Birthday 33x33cm",0.33 m,
b23d4fd8-d79e-401c-9d7e-1aefbd384d89,"Espeto de bambu para churrasco Paraná 25cm com 50 unidades",0.25 m,50 un
b26fde1f-16d6-4b92-8435-a840ed8d9d39,"Fanta Lata 350ml com 6 unidades",350 ml,2100 ml
b29d4840-bbfc-4b9b-b1d0-69713f64bab8,"Rodo Plast.pop 40cm",0.4 m,
b30cbe4e-0f84-41f6-b6f3-c23bc3215848,"Chá Frutas Vermelhas Leão 16g 10 Unidades",16 g,
b3481ea4-9ecf-4564-862e-b3ec7fac0c0f,"Travessa Oval Inox 39cm - Em Casa",0.39 m,
b35b9357-bde4-4a3d-9e8d-835c48b07d62,"Adoçante Sucralose Líquido Linea 150Ml 50% De Desconto Na 2 Unidade",150 ml,
b37e3f4c-c54d-4453-a6cf-2118ea8af6a0,"Prato Fundo 12 Cm 10 Und Multi Festa Branco",0.12 m,10 un
b39c8bcd-e7d1-418b-b0e4-fe282fb148b2,"Cobertor Casal Sortido Idee Home 1,90x2,10m",2.1 m,
b39fd3dd-0a90-40d9-95c2-a7b07791ebf2,"Pote Ovo De Galinha Com 30 Und 650g Cada",650 g,19500 g
b41765a8-f33a-478a-9c22-6995bba3a90a,"Detergente líquido Ypê 500ml com 6 unidades",500 ml,3000 ml
b41b1ff6-6e40-48ca-81d3-dda289fc42de,"Sabonete Dove com 3 unidades pele sensivel 90g",90 g,270 g
b4427913-c77b-41fa-ba0b-0cdf2190a45c,"Creme Dental Colgate Total 90g com 3 unidades",90 g,270 g
b4650eae-c2c4-46e9-8049-a06edc872f48,"Saco Multiuso Mais Útil Tam. M 34x45cm C/40 Unidades - Refil",0.45 m,40 un
b46f82e1-5c3d-49df-89f1-892b8928c2e7,"Pack Sabonete Barra Perfumado Frésia e Pêssego Flor de Ypê Envoltório 340g 4 Unidades 85g Cada",85 g,340 g
b48e8549-cc09-41de-87d0-6b63369ecb2c,"Pao Pullman Hamburger C/4 240g",240 g,960 g
b4a7cc5e-6c4c-43a1-9a96-d09f4832c307,"Wok Fundo Alumínio Brinox Vermelho 24cm",0.24 m,
b4af7ffe-c931-469d-8f8a-c96591ed6cf3,"Chá Maracujá, Laranja & Gengibre Chá LeãO Caixa 22g 10 Unidades",22 g,
b533f9dc-1a7c-4861-8403-daf6333dd61a,"Pão de Hambúrguer Australiano Select 480g 6 unidades",480 g,
b552cddd-5095-4a3a-ab0e-d662ab257f8d,"Copo Plástico PS Branco Facilita & Pronto 180ml C/100 Unidades",180 ml,100 un
b5db00e3-62ad-48f4-82f5-fd84a80e5d05,"Rodo Vai e Vem Externo com Cabo Noviça G 50cm",0.5 m,
b646ef43-fa6a-4ba5-a664-a67cfe15781a,"Massa Mini Pizza 180G Pizzaola 10 Un",180 g,
b67cce36-4472-448c-bcad-451beff09638,"Copo Desc Copobras C/100 Pp 300ml",300 ml,100 un
b68b40db-6740-429e-b50a-d124cffb2cd6,"Oleo Basco Az/ Soja 500m",500 m,
b69d15d5-a127-4192-81e6-88f8c367f496,"Goma De Mascar Hortelã Chiclets Caixa 280g 100 Unidades",280 g,
b6db23c3-2e89-434b-9a5d-69174cfc6cfd,"Magnésio em Cápsula Nutrify Pote 52,2g C/60 Unidades",52.2 g,3132 g
b6dc0052-4492-4d18-b15a-38cf8ab288a4,"Pano De Prato 40x65cm",0.65 m,
b73b9ab2-aab6-4ed8-b68d-adae032d7de3,"Cinta Abdominal Com Fechamento Duplo Bc0082 30x140cm Mercur",1.4 m,
b759cac3-d84d-4afa-9185-a84ac15c1832,"Tempero Granulado Tomate E Ervas Maggi Meu Segredo Caixa 49g 7 Unidades",49 g,
b7aafcfd-6b85-45b8-8055-f1ffe402aca0,"Frigideira Aluminio Antiad Tramontina Turim Vermelha 16cm",0.16 m,
b8146f0e-1bc5-4bcf-9543-ff411a32d6c2,"Kits Esponja Uz P Lavar Loucas 20cm",0.2 m,
b818713d-51d0-4ade-aba7-7c57d28b32a5,"Peneira Plástica Sanremo 7,5cm",0.08 m,
b83a86a9-95a8-4461-af78-b4775554e385,"Espeto Duplo Gaúcho Grill Grilazer 65cm",0.65 m,
b8995ea1-8d51-48a6-b935-09ebc3992510,"Waffle Amanteigado Stranger Things Forno de Minas Pacote 280g C/8 Unidades",280 g,2240 g
b904e292-1af4-4c45-a29b-f01d26a8a895,"Descanso para Panela de Bambu Uni Lar 19cm x 19cm",0.19 m,
b91974da-96cb-4c9d-844d-740801270852,"Tapete Higiênico para Cães Sanol Dog 60x80cm Pacote C/30 Unidades",0.8 m,30 un
b955d69b-afdc-4787-bbc5-78da1d008f34,"Bandeja Plástica Branca Valves Festas 17cm C/10 Unidades",0.17 m,10 un
b9880d0d-1686-4078-8a9a-abb81160df7c,"Sobremesa Láctea Chocolate Chandelle Nestlé Bandeja 180g C/2 Unidades",180 g,360 g
b9b894dd-8e25-48a0-87ff-89c01809accc,"Pack Leite Fermentado Desnatado Yakult Frasco 480g 6 Unidades",480 g,
b9f490b4-e6c5-4f0f-bb09-51fa406f4ee1,"16271-Cad Univ Cd Motos 20m 320f Cx12 30203433",20 m,
b9f88875-1ee7-4c44-8923-74807fe2d045,"Copo Estela Nadir Figueiredo 460ml C/6 Unidades",460 ml,6 un
ba74ad77-7bd6-41a8-a5e2-6fb3079f7e02,"Petisqueira Redonda Madeira Uni Lar 25cm x 25cm",0.25 m,
baee567d-48d4-4e0d-b6f1-b81c28e4c653,"Peneira Plasútil 12cm",0.12 m,
bafb85ed-97bb-4809-88c9-7ab07c5a06c7,"Vaso Plástico Sanremo 22cm Redondo",0.22 m,
bb0ddfca-95f3-4102-aae7-cafd75f0fc8a,"Saco Lixo Reforçado Fecha Fácil Rolo Azul Embalixo 50L 30un.",50000 ml,30 un
bb32006d-fe8e-42a1-9ce2-5f7d2cb8b181,"Pano De Prato 41x69cm",0.69 m,
bc21da44-55f9-4fcc-9615-fed9f58a0448,"Prato Descartavel Sert.Plast C/10 Crist 22cm",0.22 m,
bc95277a-af94-453e-b9c9-ebc11a07d326,"Frigideira Tramontina Line Bege 26cm",0.26 m,
bc9b6bbd-876e-4bdc-9921-6243448b97f8,"Vitamina B12 em Cápsula Nutrify Pote 36g C/60 Unidades",36 g,2160 g
bce1fe75-3dc8-42d6-a887-c7a38fb2fad0,"Pack Sabonete Barra Palmolive Naturals Nutrição Intensiva Envoltório 255g 3 Unidades 85g Cada",85 g,255 g
bcf2b251-6c8e-4f60-bd22-7a7a8c0d6148,"Bloco de Notas 3m Amarelo Neon 76x76 Post it",3 m,
bcfc3c66-20ff-43d0-bdfd-c138bad069e5,"Régua Acrílica Transparente Dello 30cm",0.3 m,
bd22774a-3630-46e2-8351-631961c2b0dc,"Bebida Láctea Fermentada Morango + Coco Elegê 510g 6 Unidades",510 g,
bd58b89c-9170-43d5-a66e-a3ece35cbb59,"Saco Lixo Econômico Rolo Preto Embalixo 30L 80un. + 20un Grátis",30000 ml,80 un
bd5f372e-f8bd-40c1-acf4-36c30d59aa28,"Flanela Branca Grande Zenaleti 38x58cm",0.58 m,
bd79702d-8d8a-4b29-b02d-4612705aa55f,"Goma De Mascar Herbal Trident Xfresh Envelope 8g 5 Unidades",8 g,
bdac3908-9ab1-43de-8640-c507956c8d9d,"Petit Suisse Chocolate Nestlé Chambinho Bandeja 320g 8 Unidades 40g Cada",40 g,320 g
bdbbc050-d6c5-4897-810b-9f03bd0870bb,"Torrada Integral Marilan Lev Magic Toast Pacote 55g 3 Unidades",55 g,
bdc322d9-6756-4384-953c-0bfba0fa9cf1,"Prato Descartavel Junco Plastico 18cm 50x 10 Un Branco",0.18 m,10 un
be13c2e5-41df-49c0-a9d9-274b0b9de7a8,"Bobina Picotada 24x34cm Rioplastic 500 Unidades",0.34 m,500 un
be54d2cb-e793-46c1-b241-d15d607d69bd,"Pimenta Vermelha - C/6 Unidades aprox. 10g",10 g,60 g
be6bec3c-00a4-4fbf-a330-f7d976b346c5,"Bat Amr60dd America 18m",18 m,
beb8c496-88df-46cd-918f-12412aac25a6,"Tábua para Churrasco Tramontina Teca 40cm x 28cm",0.28 m,
beb9c006-32bf-4bbf-b151-4ff6fddaad8d,"Tampa de Vidro Temperado para Panela Uni Lar 24cm",0.24 m,
bf13290a-2cc6-4257-8bd4-16b83255b3fc,"Mesa Plástica Preta 70x70 cm - Libertyplast",0.7 m,
bf574805-2f7e-433f-a88e-987b88b0e70c,"Guardanapo De Papel Dupla Camada 33x33cm Margarida",0.33 m,
bf57c232-755b-4cc8-b106-78c3dd0eb260,"Café em Cápsula Torrado e Moído Espresso Extraforte Pilão Caixa 104g 20 Unidades Embalagem Econômica",104 g,
bf59b986-f93d-444c-83de-7a41946b0f37,"Pack Refrigerante Zero AçúCar Guaraná Antarctica Lata 12 Unidades 350ml Cada",350 ml,4200 ml
bf647ff3-cd42-43c6-bd8a-b9a59cad47d7,"Sorvete Cookies and Cream Gelato Bars Milkatto Perfetto 50g 8 Unidades",50 g,
bf79611d-2041-428a-b984-37b38daa83e7,"Chá de Camomila Dr. Oetker 10 Unidades - 10g",10 g,
c046a3c5-f68d-4f4b-b28f-5f83b523342c,"Sobremesa Láctea Flan Calda de Caramelo Batavo Bandeja 200g 2 Unidades",200 g,
c048a728-95e6-426b-9129-71b3f2a19959,"Esponja Aço Bom Bril Eco 60g 8 Unidades",60 g,8 un
c0a3d2eb-3001-4926-9a28-8eee0a05b3bf,"Chiclete Trident Max Hortelã Fresca Sem Açúcar 16g -Embalagem com 5 unid.",16 g,80 g
c1b45230-f449-483a-b329-0a72decb8e6f,"Leite Fermentado Desnatado Morango Chamyto 80g C/6 Unidades",80 g,480 g
c1c3279b-78b9-4ed0-8563-9e1a15c84351,"Cápsula de Limpeza Natural Desengordurante Capim Limão Uni Limp Caixa 80ml C/2 Unidades",80 ml,160 ml
c1c6c78d-fcc1-4652-be71-0f677874af83,"Sobremesa Láctea Flan Calda de Caramelo Batavo Bandeja 200g 2 Unidades",200 g,
c1cff019-f4fd-458e-a66a-ad7393ee45d0,"Travessa Oval Inox Silver Em Casa 25cm",0.25 m,
c2249aec-f4ce-4c69-b329-3db79b507f8a,"Chiclete Tutti Frutti Bubbaloo Caixa 300g 60 Unidades",300 g,
c231066c-1e07-4075-9973-4d8b03949648,"Pack Sabonete Líquido Íntimo Suave Tutti Frutti Dermafeme C/2 Unidades 200ml Cada",200 ml,400 ml
c28075f7-9c79-4ca7-aee8-2e618529e590,"Cantoneira Mao Francesa Bca -Overtime 20cm",0.2 m,
c290b6fd-a641-4a9b-ba49-1a5a6244d08b,"Extensão Elétrica Branca 2P+T/10A Megatron 3m",3 m,
c2c32122-9abb-45d0-9dae-f5c19cbcc2bb,"Chá Ice Tea PêSsego Chá LeãO Caixa 25g 10 Unidades",25 g,
c2e68d70-9cb6-4d94-914f-18f9c559dd1e,"Cappuccino em Cápsula Caramelo Salgado Nescafé Dolce Gusto Caixa 175g C/10 Unidades",175 g,1750 g
c2f87404-7758-4d8c-9891-8de00b5f356a,"Desodorante Roll On Nivea Defende 50ml Com 2 Unidades Leve Mais Pague Menos",50 ml,100 ml
c2fcbea7-6623-41bc-8205-1f8524a1a0cc,"Vela Pequena Santa Bárbara 135g C/10 Unidades",135 g,1350 g
c30e7cf2-7f4f-4434-b831-9baf3a1f8d7e,"Sobremesa Láctea Brigadeirão Delícias do Forno Batavo Bandeja 180g C/2 Unidades",180 g,360 g
c3328922-f225-4a9b-8914-34eef0881923,"Prato Fundo Flare Etilux 20cm - Cor Preto",0.2 m,
c36aeeb0-e40d-4ea5-bc86-6a5e3cfb4173,"Chá De Boldo Dr. Oetker Caixa 10g 10 Unidades",10 g,
c370cedf-a9ff-4f90-b06d-d314a339db2d,"Prato Térmico Raso Facilita & Pronto 23cm C/25 Unidades",0.23 m,25 un
c3a2257a-266a-45b8-b19a-28b721f2c43e,"Coca Cola lata 350ml com 6 unidades",350 ml,2100 ml
c3f0e0b9-f2f3-4bca-99de-0baa08274799,"Forma de Pizza Vemax 36cm",0.36 m,
c3f92dad-6ff5-46ca-bb61-ab300c5646fa,"Pack Barra De Cereal Morango Cobertura Chocolate Nutry Pacote 66g 3 Unidades",66 g,
c3f9b349-344b-4b51-b8f1-461d2c349b38,"Organizador Plasútil Porta-ovos 10x30cm",0.3 m,
c4027e3a-c259-46d3-b18c-9fa036662cfb,"Pack Leite Fermentado Desnatado Yakult 40 Frasco 480g 6 Unidades",480 g,
c458426b-210c-4239-8d48-6b2f9c469a4c,"Pano De Prato 35x56cm",0.56 m,
c45babc8-55d9-4310-b4d6-91e73fd43a29,"Bandeja de Bambu Uni Lar 29cm x 40cm",0.4 m,
c45ea17d-2192-41f9-aede-5cd933b96f7d,"Limpador Desengordurante Ypê Squeeze 500ml C/4 Unidades",500 ml,2000 ml
c4a87987-4183-4ecb-b49a-6df7831da6e9,"Tempero SAZÓN® Sabores do Nordeste 60g 12 unidades",60 g,
c4aefd97-58c6-4fec-ba27-73235ddf8de9,"Papel Alumínio Wyda 30x7,5cm",0.08 m,
c520fb8c-d107-416b-ad28-301a256a96f2,"Pano Prato As 42x65cm",0.65 m,
c55d66ba-37bc-4907-901a-387cc55d1b5e,"Chá Max EquilíBrio Amora E Hibisco CháS Real Caixa 15g 10 Unidades",15 g,
c5b7f685-5740-48ab-8fad-2fff8dd371da,"Colher de Silicone Catuai Vermelha 22cm",0.22 m,
c5c2b777-86c9-4b1c-9c56-7423a401182b,"Leite Fermentado Desnatado Laranja Chamyto 80g C/6 Unidades",80 g,480 g
c5ed3924-47b0-4dd5-a952-1bc84f095e97,"Frigideira antiaderente francesa Panelux Magnific 22cm",0.22 m,
c644fadd-ab47-4edf-bee0-aa4292628bdb,"Ampola Pantene Nutrição com 3 unidades de 15ml",15 ml,45 ml
c65df613-13be-40dc-bf77-4d48cf1617de,"Saco para Alimentos 3kg Facilita & Pronto 23 x 37cm C/50 Unidades",0.37 m,50 un
c676f46a-6864-4864-ab15-13bad9ca613b,"Prato Descartavel Junco 15cm Branco",0.15 m,
c687f05b-c1bb-4a28-97af-e141a3a76b8c,"Tapete Lucca Teka 46x70cm - Sortido",0.7 m,
c6c74801-7682-4251-93a6-9bc3a4847448,"Pack Biscoito Recheio Salsa E Cebola Marilan Pit Stop Pacote 91g 4 Unidades",91 g,
c6d801d7-f02e-419b-aeed-310ac111e1c3,"Sobremesa Láctea Chocolate Chandelle Nestlé Bandeja 180g C/2 Unidades",180 g,360 g
c6e8691a-468b-4fc4-bebf-45a499c25dcb,"Rodo Zapelim 40cm",0.4 m,
c6f1cb31-ba6f-45dc-899d-05f1dfd8aca0,"Faca do Chef 8"" UNI LAR 33cm",0.33 m,
c70c5aac-30ec-4032-8e63-f210b131cc3e,"Caixa P/ Bolo N7 52x45x12cm Branca",0.12 m,
c75316b5-6608-4a3a-ae4e-23eab8ef3515,"Goma de Mascar Trident X Senses Intense Pacote com 4 Unidades 32g",32 g,128 g
c77b0ba2-d7ad-4df9-b7e6-9ef2637e7f53,"Espátula Silicone Catuai Preta 28cm",0.28 m,
c7bb14cc-72e1-43f0-b1bb-771f4cead568,"Prato para Vaso Redondo Preto Bella Fiore 22cm",0.22 m,
c7c2668a-f5ec-4acb-8f8b-07bc43ca461a,"Frigideira Alumínio Tramontina Antiaderente Loreto 24cm Verm",0.24 m,
c7c35907-733d-4a71-8cbe-cf1085a959e4,"Copo Branco Descartável Select 100un x 300ml",300 ml,
c7ca0bf7-0daf-4197-ba58-eef0df64fe1c,"Rodo Plástico Duplo Santa Maria Premium 45cm",0.45 m,
c8075da5-1f34-46f0-b059-3d10316d1a2f,"Saco de Lixo Embalixo Profissional 30L - Pacote com 30 Unidades",30000 ml,30 un
c80d0fe0-589c-4ee0-818e-11bbe591c4ce,"Pão Sirio Pequeno 10 Unidades Beiruthe 500g",500 g,
c81537eb-9114-4639-9236-dfa243189e85,"Extensão Elétrica Preta Cordão Paralelo Megatron 5m",5 m,
c82a9231-bd20-4e4e-b25d-a2b84b484aa2,"Odorizador Aerossol Glade Refil Voo Bonito Brinde Noronha 12ml Com 3 Unidades",12 ml,36 ml
c8351c07-67d7-40ca-a4e2-dbb652d9c0c7,"Prato Fundo Porcelana Azul Perola Inga 20cm",0.2 m,
c869e935-4a53-476d-a686-22a1a88c8b2c,"Prato Plástico Sanremo 22cm Redondo",0.22 m,
c8b93dd3-92dd-4d6f-9af6-4d4dfb79864b,"Pack Cerveja Pilsner Duplo Malte Brahma Lata 6 Unidades 310ml Cada",310 ml,1860 ml
c8e4deb5-43b9-47bd-a202-d573f34bcdba,"Taça para Água Gallant Nadir Figueiredo 320ml C/6 Unidades",320 ml,6 un
c8f2a1ae-9a0c-486a-a70c-845624ef8ac9,"Chiclete Bubbaloo Morango 5g - Caixa com 60 unidades",5 g,300 g
c9061824-3413-4171-9875-4a8fef1ec64c,"FóSforo De SegurançA Longo Fiat Lux 5cm 6 Unidades",0.05 m,6 un
c90c2df5-aebb-461e-ad3c-68e66be99dd2,"Green Própolis em Cápsula Nutrify Pote 25,8g C/60 Unidades",25.8 g,1548 g
c9352947-dd12-44f7-a527-ecd3c25411b7,"Prato para Sobremesa Menu 5343 Nadir 19cm",0.19 m,
c95a87d7-394b-4a84-b13d-f8c414fec000,"Kit Cerveja Stella Artois 330ml S/gluten C/2 + 1 Calice",330 ml,660 ml
c95bd63e-a624-426a-a83f-011eea01e59c,"Hambúrguer Misto Tradicional Brasa 120g 30 Unidades",120 g,
c95d6e77-6c70-4706-97f2-c62b9d9b29d7,"Forma Pizza Alumínio Ramos 35cm",0.35 m,
c9731cec-7ba7-4679-8bee-e4070067e4a2,"Kinder Bueno Chocolate ao Leite 2 Unidades 43g",43 g,
c9734125-1c84-4110-b35d-0b8a4356dd84,"Almôndega Vegetal Fazenda Futuro Bandeja 275g C/11 Unidades",275 g,3025 g
c975e1ac-0ae3-4c85-b724-a628df165f7f,"Chá de Camomila, Mel e Baunilha Twinings Of London Infusions Caixa 15g C/10 Unidades",15 g,150 g
c997abba-f178-4615-8e78-bdd615fe9979,"Pack Cerveja Puro Malte Império Lata 15 Unidades 350ml Cada",350 ml,5250 ml
c9bd9fac-cad3-41ad-ae09-0554dec12548,"Frigideira Aluminio Tramontina Turim Vermelha 26cm",0.26 m,
c9ccfa41-dac0-43d7-a771-24a6a387bce1,"Colher de Inox Catuaí 33cm",0.33 m,
c9e95aa5-8cfb-4e57-a623-4242e2f64114,"Jogo de Taças Sorvete California 250ml com 6 Unidades",250 ml,1500 ml
ca405475-cab7-4ac4-b7ab-da92f7612b74,"Filtro de Linha Preto 2P+T Megatron 1m",1 m,
ca71085d-0ce1-4327-bad5-c8ddb4d3522d,"Frigideira Alumínio Tramontina Loreto Funda Preta 28cm",0.28 m,
ca71e094-cab7-4019-8f74-ccdb845b08e5,"Frigideira Linz Bege Tramontina 16cm",0.16 m,
ca9892c3-ced4-4bab-a495-6b4f3e89538a,"Rodo Zinco 30cm",0.3 m,
cad04b62-5a03-45dd-8c75-4bc64c0862f3,"Manta Microfibra Toque Flannel Plush Lisa ou Estampada Casal 1,80x2,20m Bene Casa Sortida",2.2 m,
cad763d5-6ff7-488a-8875-cdc439c67740,"Tempero Pó para Carnes Kitano Mais Sabor Pacote 60g 12 Unidades",60 g,
cb7c5ec6-bf48-4bf2-8a29-4c6404280446,"Pão Tortilha Wrap Kim Integral 180g Com 6 Unidades",180 g,1080 g
cb821110-2986-41ba-be5c-91b68a85d634,"Chá AçAí E Guaraná LeãO Caixa 20g 10 Unidades",20 g,
cbc4f699-a9b3-400a-a2e7-9fe48ac5df46,"Refrig Pepsi Cola Pet 1l Pack C/2",1000 ml,2000 ml
cbc503eb-1776-4357-905e-a98bfcb16cd2,"Kinder Ovo Roxo 2 Unidades 40g",40 g,
cc0efcef-e5a1-45eb-861b-dccb29fbda0c,"Palmito Pupunha Haste Palmito Da Fazenda 50cm",0.5 m,
cc6af406-5934-4c6b-b97f-ea0881e5f3b1,"Ampola de tratamento OX Vita Glow cronograma capilar 15ml com 3 unidades",15 ml,45 ml
cc7f8a93-80e8-4447-9a60-bed02d1e93b5,"Powerade Pet 500ml Maracuja - CX 06un",500 ml,
cce559b9-5e93-454a-8502-4e39d6926f9d,"Conjunto de Potes Quadrado Pop Plasútil c/3 Unidades 1L",1000 ml,3 un
cd089472-fb62-4888-8da1-8c19dd524d18,"Rodo 30cm Cabo Alk 7865",0.3 m,
cd0b2c4c-befc-46c8-8568-ca9bd0f87408,"Frigideira Wok Tramontina Loreto Vermelha 28cm",0.28 m,
cd7cdf9d-6fe4-4898-b784-9da18be3fac2,"Vela Paraná N4 13g Com 8 Unidades",13 g,104 g
cdb87bab-a07f-44a5-9b7e-e59792cf3986,"Ventilador Coluna 40cm Super Power Mondial Preto/Prata 140W 127V - VSP-40C-B",0.4 m,
ce247af7-db81-4eb5-b0e2-59b575a0f87d,"Pack Refrigerante Guaraná Antarctica Lata 12 Unidades 350ml Cada Leve Mais Pague Menos",350 ml,4200 ml
ce30e8f7-ae93-433d-96e4-670786d9e247,"Torrada Multicereais Integral Marilan Lev Magic Toast Pacote 150g 6 Unidades",150 g,
ce735fc6-ec6f-4273-8b8a-df4603dae56c,"Prato Fundo Nadir Figueiredo Menu Opaline 23cm",0.23 m,
cf048ccd-ca68-4a14-9168-82667c3048f6,"Sabonete em Barra Protex Nutri Protect Macadâmia + Glicerina 6un 85g",85 g,
cf524957-f25f-40eb-86b7-b38f6a665bdc,"Maionese Tradicional Predilecta Sachê 7g 144 Unidades",7 g,1008 g
cf628540-9113-485e-8165-ae1535c25678,"Bananada Sem AdiçãO De AçúCar Bananinha Paraibuna Caixa 460g 20 Unidades",460 g,
cf7e4de1-ef3c-47a7-8ba0-58a09f852eb0,"Pano de Chão Powermaid Vermelho 70x50cm - 1 Unidade",0.5 m,1 un
cf80561f-459a-4407-bce2-93d394f26a17,"Espeto de Bambu 25cm Arco Iris 50 Unidades",0.25 m,50 un
cfaab073-4a28-4620-83ad-07ca9e744214,"Pack Cerveja Pilsen Antarctica Original Lata 15 Unidades 269ml Cada Embalagem Econômica",269 ml,4035 ml
cfc2cd1e-8858-4f85-8f3a-3e5f41b41976,"Gancho Grande Branco com Tira Adesiva Suporta até 3kg Scotch",3000 g,
cfe4b37e-7362-4e28-a5ce-406c9c846603,"Sabão Pedra Assim 900g com 05 Unidades Neutro",900 g,4500 g
d0545d00-425b-4751-8609-d7c8613505a8,"Café em Cápsula Torrado e Moído Espresso Ultimo L'or Caixa 52g 10 Unidades",52 g,
d0658ef9-3129-4150-81ab-4e33067ff99e,"Copo Chopp Em Acrílico Goldenplast 473ml Com 4 Unidades",473 ml,4 un
d07bc0fb-729a-4950-83d4-04461fdc93c9,"Kit Colcha Queen Burdays 280x260cm 3 Peças",2.6 m,
d0c063f4-b8fb-4f2b-8027-e8629901400a,"Goma de Mascar Fresh Mint Mentos Pure Fresh Pote 56g C/28 Unidades",56 g,1568 g
d0c9f371-610a-4a28-a79f-b3e7a68f9558,"Guardanapo Scott Grand Hotel 23,8 X 21,8Cm 50 Unidades",0.22 m,50 un
d0d0055c-8862-4f11-b73b-58845d1cef6e,"Mini Prendedor Madeira 3,5cm 12un 193008 Rio Tijucas",0.04 m,12 un
d0de775d-4db4-491c-8ea1-d8e7c0ba3ee0,"Rodo Max Rodo Alumínio 40cm 1 UN",0.4 m,1 un
d0f575d7-4e24-4408-81b7-5aa37bc1259c,"Rodo com Cabo de Alumínio Star Sanches 40cm - Sortido",0.4 m,
d1550af9-90d0-4283-a3fd-596ba4be0fcd,"Pack Biscoito Original Club Social Pacote 144g 6 Unidades",144 g,
d1775915-d3ab-48d3-a31e-0fa7de7c1e37,"Desodorante Aerossol Giovanna Baby Classic - 150ml (2 Unidades)",150 ml,
d1a8d9b6-30b6-4b61-be2d-8e9cb099c0d7,"Pack Sabonete Barra Perfumado Frésia e Pêssego Flor de Ypê Envoltório 510g 6 Unidades 85g Cada",85 g,510 g
d1b9c8ab-3260-46af-9661-0b947a992e7c,"Rodo Plastico 40cm",0.4 m,
d202a0ff-dc7a-4b62-868f-035b288dad8b,"Saco Plástico Freezer 20x35cm 2L Embafreezer Embalixo 100 Unidades",2000 ml,100 un
d21408a7-3340-48c7-be14-52b674584cf8,"Vela para Rechaud Fiat Lux 96g C/8 Unidades",96 g,768 g
d24669b8-d1ed-40d3-a215-7190778f0946,"Centro de Mesa de Vidro Lily Inga 22cm",0.22 m,
d27d8c49-f184-4345-b6d9-ad154cd003e3,"Chocolate Kinder Bueno 3 Unidades 129g",129 g,
d2b235a9-2c5c-4892-bbc3-fab111989a52,"Leite em Pó Ninho Integral Instantâneo Lata 350g Emb. c/10% Grátis",350 g,3500 g
d2bba5d4-6220-474b-b614-f35c08e0187c,"Esponja Aço Eco Bombril 45g C/6 Unidades",45 g,6 un
d2ca531f-cf71-41c5-983a-a3ef5e62c43e,"Desodorante Roll-On Invisible Black & White Nivea Men 2 Unidades 50ml Cada",50 ml,100 ml
d32954bb-26ca-448a-b41f-c276aeb9c940,"Pack Shampoo Eudora SiàGe Men Combate à Caspa Caixa 2 Unidades 250ml Cada",250 ml,500 ml
d40188ce-fd43-449a-9563-99cdefa930ee,"Saco Lixo Dover Roll Odor Defense Perfume Chá Branco 30L Com 20 Unidades",30000 ml,20 un
d414907f-cf66-422b-8122-1124661f4f2e,"Creme dental Oral B 3D White 70g com 3 unidades",70 g,210 g
d442f70e-2b75-4bd9-b67b-2bf507137838,"Cerveja Antarctica lata 350ml com 18 unidades",350 ml,6300 ml
d4d0bead-b629-43f5-9e2b-f470b20415a4,"Guardanapo De Papel Grande 33X30 Cm Santepel 50 Und",0.3 m,50 un
d4e1fa8a-0245-4c46-9ced-778d220149ba,"Sobremesa Láctea Chocolate ao Leite Danette Bandeja 180g C/2 Unidades",180 g,360 g
d4ec4a97-6dae-4b13-aa62-928e52145f47,"Waffle Tradicional Catupiry Pacote 240g C/6 Unidades",240 g,1440 g
d54a4404-f125-440a-8862-7a31f00b3af6,"Sacola Vinho Bordon 13,5x39cm",0.39 m,
d5a3f858-2b37-4035-927e-ba43d8c5632a,"Pano Prato Franjinha 42x66cm",0.66 m,
d5a6121b-dd67-42e0-bf92-a38077e4b33e,"Chá Preto Bergamota Chás Real Caixa 15g 10 Unidades",15 g,
d5d86501-805d-482e-9f16-e71e02099016,"Rodo Potiguar 30cm",0.3 m,
d61437bd-4b6b-4848-b955-9b79eae479fc,"Jogo Taça Vidro Kayra 580ml Com 6 Unidades",580 ml,6 un
d631c2e5-f04c-41be-8ee4-511bdf7a77ea,"Pack Shampoo Palmolive Men Anticaspa e Antiqueda Frasco 2 Unidades 350ml Cada",350 ml,700 ml
d651f348-0d89-4d5e-9c6f-58f76e6b5a85,"Prato Raso Nadir Opaline 25,5cm Pétala",0.26 m,
d683a791-b727-4505-9da1-b2aeadfeabc1,"Sobremesa Láctea Chocolate Chandelle Nestlé Bandeja 180g C/2 Unidades",180 g,360 g
d6d612ae-86fa-445e-88eb-1c4f1ac8dd3e,"Centro De Mesa Vidro Bubble 29cm Ingá",0.29 m,
d71ea139-1bac-4190-960f-d6848de8bc15,"Pack Sabonete Barra Glicerina Buquê de Jasmim Lux Botanicals Envoltório 510g 6 Unidades 85g Cada",85 g,510 g
d7660845-e5ae-4933-aace-fd577b068ae4,"Saco para Lixo Reforçado Super Lixo 30L c/10 unidades",30000 ml,
d79f2883-3acf-4b70-9d62-a87c19df59dd,"Travessa Oval Inox Silver Em Casa 29cm",0.29 m,
d7c1ec27-b119-4e0a-a3a8-e5e62e03f8ab,"Pano de Chão de Microfibra Celeste 48cm x 58cm com 3 Unidades",0.58 m,3 un
d8188f88-29e4-4db3-9260-316d6b262968,"Caldo Em Pó Sazon Estojo C/5 Unidades 32,3g",32.3 g,161.5 g
d82a5a15-2e6c-4714-88a6-516aefe2398b,"Sobremesa Láctea Flan Baunilha Calda Caramelo Vigor Bandeja 190g C/2 Unidades",190 g,380 g
d85ae37b-cac1-411b-8791-313f157db83d,"Frigideira Turim Vermelha Tramontina C/2 Unidades (16cm / 20cm)",0.2 m,2 un
d87aee00-431f-4dab-996e-772728ae6ae3,"Saco Alg Alvejado Extra Zenaleti 40x60cm",0.6 m,
d8e4f393-5332-455a-9704-fc56d622bfc2,"Chá Mate Original Matte LeãO Caixa 24g 15 Unidades",24 g,
d8eb0031-a208-493f-a364-4b13f62156c4,"Guardanapo de Papel Mili com 50 Folhas Simples Tamanho 30x29,5cm",0.3 m,
d90e143b-777f-4fa6-b593-cc0209d34068,"Creme Dental Sensodyne Proteção Completa 90g com 2 unidades",90 g,180 g
d90e1662-d748-4067-a256-13048b352c6a,"Pack Creme Dental Menta Fresca Oral-B Extra Branco Caixa C/3 Unidades 70g Cada",70 g,210 g
d98adf79-2216-4abc-8875-54561d929aed,"Jogo Taça Sorvete Nadir Paulista 400ml Com 4 Unidades",400 ml,4 un
d9d0c1fb-055d-4364-9b4d-f94764aba74a,"Creme de Leite Nestlé TP 200g Emb. c/10% Grátis",200 g,2000 g
da1b2e2f-6f45-4f7d-92b5-b7538de6f104,"Torrada Integral Marilan Lev Magic Toast Pacote 150g 6 Unidades",150 g,
da1cf752-8de9-41fa-8122-5af54d7ae7bf,"Pano Chão Mr Meex Alvejado 42X65cm",0.65 m,
da1f7f50-9c46-4d04-94f3-9b850a91f1f7,"Sobremesa Láctea Flan Calda de Caramelo Batavo Bandeja 200g 2 Unidades",200 g,
da454698-ba0c-4dd6-9f25-afa7d0df64ae,"Chá Laranja Cor-De-Rosa LeãOzinho Caixa 23g 10 Unidades",23 g,
da77dde5-db6f-4e54-a96d-3a7ba02f6002,"Tempero em Pó para Frango Knorr 50g (10 Unidades)",50 g,
dac4327a-f9c6-4643-b76c-d04e83fab172,"Limpador Tira Limo Veja X14 para Banheiro 500ml 2 unidades com 50% de desconto na 2ª",500 ml,
dae58494-9ce5-4c83-8537-facb53f9b75d,"Cápsula de Café Torrado e Moído Espresso Dolce Gusto Nescafé 6g 10 Unidades",6 g,
db1dca17-51ea-45a5-a3d1-e10c76afbe8d,"Pao Sirio 7cedros 330g C/5 Integral Grande 8",330 g,1650 g
db1ef638-3e35-4a54-b907-8d732561886c,"Flutuador Mor 1,60x0,60cm - Sortido",0.01 m,
db35f34f-bcec-471d-b7b4-21db6aeb5bd1,"Chiclete Sortido Recheio áCido Zumbisssss Plutonita Caixa 337g 75 Unidades",337 g,
db437c9c-4bb6-4c8f-b9e7-7352f7cdff15,"Café em Cápsula Espresso Capri Dolce Vita L'or Destinations Caixa 52g C/10 Unidades",52 g,520 g
db46ec26-ce15-4ca4-a7f1-8a1f803a99c0,"Pote Ps Transparente Bellocopo 100ml C/100 Unidades",100 ml,100 un
db494b38-df01-44be-b794-7f66f60a66be,"Conjunto Copo Long Drink OPERA 360ml c/6 Peças",360 ml,2160 ml
db4f2787-6426-46a7-b6d2-3bcc4c2fd22f,"Espeto Bambu Nozinho 9cm Wyda Pacote 50 Unidades",0.09 m,50 un
db796cc7-5c09-4e47-aa41-7ad91f0a8bb0,"Saco Lixo Dover Roll Odor Defense Perfume Chá Branco 15L Com 20 Unidades",15000 ml,20 un
db831fe2-a342-47fd-b549-c38fffba407f,"Bandeja Retangular com Tampa Rioplastic 750ml 24 Unidades",750 ml,24 un
dba0c957-10f9-46cf-a439-e741d7b736d3,"Massa para Mini Pizza Massa da Feira 450g C/15 Unidades",450 g,6750 g
dbe79c0c-ac31-47ff-9696-70f50431cf78,"Rodo Reforcado 45cm",0.45 m,
dbed9e3e-36a2-4816-8ded-dadf70d4cb95,"Pão Hambúrguer com Gergelim C/4 Unidades aprox. 400g",400 g,1600 g
dc72c2c0-eda5-4a38-b1bd-9bc5562919b7,"Pack Refrigerante Laranja Fanta Lata 6 Unidades 350ml Cada Embalagem Econômica",350 ml,2100 ml
dc826af1-f7e8-463e-a131-ebad343d8be2,"Doce de Amendoim Gibi Santa Helena 50un 30g",30 g,
dc92712d-ffd2-47b3-83fa-4496d6f22f31,"Rodo Plástico Duplo Santa Maria Premium 45cm",0.45 m,
dcafb8fb-56f5-4b53-88ea-2d44f967b2eb,"Bala Fanta Laranja Mentos Pacote 37,5g 14 Unidades",37.5 g,
dcc79284-64df-4ec1-90c0-60eb2688e854,"Hambúrguer Misto Faroeste Aurora 90g 36 Unidades",90 g,
dd3704e5-8742-4e3e-b19f-a9714dd892ab,"Goma de Mascar Trident Morango Pacote com 4 Unidades 32g",32 g,128 g
dd50500a-c56b-4740-b191-a717f9553c0f,"Pano De Prato Sd159 40x65cm",0.65 m,
dd6e6f26-34d1-4fac-bb9a-38a550ce1ff8,"Sobremesa Láctea Chocolate Chandelle Nestlé Bandeja 180g C/2 Unidades",180 g,360 g
dd879bd7-484b-4ce4-bf7d-deddc762950f,"Porta Travesseiro MCF Kids Burdays 70x50cm",0.5 m,
ddd0dac0-f4c0-45d9-ad65-d9ddc10f3bce,"Pack Sabonete Barra Vegetal Rosa Branca E Patchouli Francis EnvoltóRio 12 Unidades 90g Cada Leve Mais Pague Menos",90 g,1080 g
de2203ad-8c1c-446b-8c60-287902858bb5,"Torrada Multicereais Integral Marilan Lev Magic Toast Pacote 110g 6 Unidades",110 g,
de351b29-9a82-4e47-be6c-8a118a64dc45,"Enforcador para Cães 2,5 Agrovet 60cm",0.6 m,
deea5374-f586-4b2c-b015-aa155156649b,"Karite e Baunilha Dove Sabonete em Barra 90g 6 unidades",90 g,
df035dc3-ac85-4517-8b5a-608aa5a6f3e8,"Mini Frigideira Antiaderente Ramos 12cm",0.12 m,
df75a2b5-437b-4b86-9802-0610af25037d,"Sabonete Flor De Ypê Rosas Brancas e Avelã 85g Com 6 Unidades Leve Mais Pague Menos",85 g,510 g
df8a9f37-83b8-4286-abb5-9743f4a844ea,"Hamburguer Bovino Seara 672G 12 Unidades",672 g,
dfbe86ff-ee16-4706-b8b6-d292f8b94be7,"Bala Halls Morango Caixa Com 21 Unidades De 28g",28 g,588 g
dfcab075-3f56-477b-9a01-92153a053551,"Cápsulas Nescafé Dolce Gusto Caixa C/ 10 Unidades Nescau 170G",170 g,1700 g
dfd55520-d023-41bd-a6d8-73d3634761d0,"Espeto Simples Gaúcho Grill Grilazer 75cm",0.75 m,
dfe4ee35-aee8-4289-bfbc-3b38ea7206a7,"Sobremesa Láctea Flan Calda de Caramelo Batavo Bandeja 200g 2 Unidades",200 g,
e00e4d2d-98e1-409d-9b56-a155fcfb3f81,"Bandeja Retangular com 3 Divisórias Rioplastic 900ml 12 Unidades",900 ml,12 un
e08379f4-4389-4aca-a61e-24431654aeef,"Fralda Incontinência Bigfral Derma Plus Noturna Com 8 M",8 m,
e088ee4e-2315-482b-bde0-3cfea6ed2631,"Biscoito BelVita Cacau E Cereais Multipack 75g com 3 Unidades de 25g",25 g,75 g
e08c159c-6f9d-4635-a720-954916a1e5a5,"Massa para Pizza Brotinho Massa Leve 300g 7un",300 g,
e0c76d91-ce8f-4c1c-ba22-d9dd9e28be4f,"Torrada Integral Fortaleza Pacote 284g 2 Unidades Leve Mais Pague Menos",284 g,
e0e16f22-43fd-48da-a4bc-0b7fab53ce9d,"Sabonete Líquido Íntimo Above One 185ml - 2 Unidades",185 ml,
e112729c-5c5b-4eda-8893-c941bf77e2a4,"Guarda Mili Folha Simples 21cm x 22cm - Embalagem com 100 folhas",0.22 m,
e118da62-fc93-4232-a82a-f59672f7bae9,"Extensão Elétrica Preta Cabo PP Plano Megatron 5m",5 m,
e13b4a23-e224-428a-a941-8efcf4d5c370,"Caderno Universitário Capa Dura 1M 80 Folhas Capricho Tilibra",1 m,
e14a4100-1950-461b-b79f-492399464a6a,"Jogo de Taças Cerveja Nadir Floripa 300ml com 6 unidades",300 ml,1800 ml
e153fa8b-bfd4-4d92-ae9a-4d3fb27f4dff,"Chá Funcionais Reequilibra 18g Leão 10 Unidades",18 g,
e1682eaa-1d85-44b2-8c73-b38627ea401e,"Prato Descartável Raso 26cm Kerocopo 10 Unidades",0.26 m,10 un
e181d733-cf54-4d1a-843f-08623b735005,"Rodo De Aluminio 50cm",0.5 m,
e1d67899-b947-40a8-a40f-d5adc31fff51,"Chá Preto English Breakfast Twinings Classics Caixa 20g 10 Unidades",20 g,
e1ddd0de-9ab3-4c9b-8180-455c96bda7b4,"Rodo De Aluminio 30cm",0.3 m,
e1e816c7-a9a5-4827-8b13-739cf631580e,"Pano Banheiro Verde Esfrebom Alta Performance 17cm x 23cm",0.23 m,
e25da499-04a0-4fdd-aca8-795a2dbb8c35,"Rodo Metal 50cm",0.5 m,
e2ce6587-aa6e-40ea-b7db-e210b1745dbf,"Prato Descartável Raso 21cm Kerocopo 10 Unidades",0.21 m,10 un
e2d564fc-7796-44f2-9206-b7366df28313,"Sobremesa Láctea Chocolate Chandelle Nestlé Bandeja 180g C/2 Unidades",180 g,360 g
e375e7ec-da24-4331-ab34-18ed0c38d57b,"Copo de Vidro para Chá Lily - 3 Unidades de 220ml cada",220 ml,660 ml
e37c28b4-97a1-47b4-8b9d-ea8d7695ab17,"Guardanapo De Papel Snob 33 X 30Cm 50 Unidades",0.3 m,50 un
e3d49a30-5a11-41e6-99e6-0b787c83c607,"Capacho de Porta Texfine 38X58cm",0.58 m,
e3e3382c-74d1-4181-b08d-7eb37aa26367,"Rodo Metal 40cm",0.4 m,
e3ec9474-708f-4a76-8ba5-063c624f2f32,"Copos Rio Plasutil 120ml - Pack com 3 Unidades",120 ml,3 un
e42fce5b-065f-4dfa-99ba-6be179b5b9ba,"Pack Queijo Processado UHT Original Polenguinho Pocket 34g 2 Unidades",34 g,
e482c037-8925-482a-aa68-b10f024bba1c,"Danoninho Petit Suisse Morango, Banana e Maçã-Verde 320g 8 unidades",320 g,
e495d790-8646-44f8-a2ef-c1b07b6c8bd9,"Copo Plástico Cristal Facilita & Pronto 300ml C/50 Unidades",300 ml,50 un
e4b1423d-05b4-4fa7-bfbb-8f4edd658b76,"Cerveja Eisenbahn 355ml Session Ipa Fardo C/6",355 ml,2130 ml
e4b99df3-e00b-4aa8-866c-fefa9a070f61,"Conjunto de Potes Plasútil c/4 Unidades 520ml",520 ml,2080 ml
e51d1688-32b2-4133-afb5-2271ab9f5bc8,"Leite Fermentado Batavo Bob Esponja 80g C/06 Tradicional",80 g,480 g
e51e1c36-ccfe-45ed-87c7-e520a8a4cd01,"Sabonete em Barra Antibacteriano Protex Nutri Protect Vitamina E 8 un de 85g Promo Leve Mais Pague Menos",85 g,680 g
e542780f-4c8b-4e82-9172-61959d2f2bc7,"Refrigerante Guaraná Antarctica 1l Caixa Com 6 Unidades",1000 ml,6000 ml
e549280e-d27e-46a5-a4e1-db38d2bff0f0,"Paçoquita Rolha Santa Helena 50un 1,250kg",1250 g,
e54ab304-72d2-4435-8bc4-36ac98d8b527,"Frigideira Antiaderente Francesa Panelux Magnific Grafite 22cm",0.22 m,
e550dc47-7b9a-470d-835f-4aa8f326953d,"Hiline F Yakult 600ml C/ 6 UN Pet",600 ml,3600 ml
e55b1dfb-60b4-4985-841b-1c75c7c2ff33,"Travessa Média Branca Valves Festas 24cm C/10 Unidades",0.24 m,10 un
e5701237-1f1b-4f1e-b4b6-179d9151741a,"Chiclete Baba De Bruxa Plutonita Caixa 180g 36 Unidades",180 g,
e584180a-28eb-4ad0-94fd-b03a7ce6da63,"Cadeirinha Didática Samba Toys Menina 25x25x38cm",0.38 m,
e5879d32-2456-47a5-b186-4268afac8031,"Piso Cera 43x43 Opera Cinza Cx2 43m",43 m,
e5acda9e-9452-449a-bae3-0e0b0d6ad225,"Osso Mastigável KR 65 para Cães Adultos XisDog Natural 30g 10 Unidades",30 g,
e5dacb1d-ce44-403e-8ce6-ca2cfdb423cc,"Tapete Banheiro Adansonia Bolinha 38x58cm - Antiderrapante e Confortável",0.58 m,
e5db2cfa-20dc-48c2-bc46-b9231b7f189b,"Pegador de Massas Catuaí 20cm",0.2 m,
e614b9c4-2ed7-4c02-8238-9dcf7569a8ac,"Saco Multiuso Mais Útil Tam. M 34x45cm C/40 Unidades",0.45 m,40 un
e638ca05-a824-498d-ac15-0c8569bd646f,"Guardanapo Folha Simples Select 30x30cm 50 Unidades",0.3 m,50 un
e6d23d00-6ddf-47b8-8b90-fdaeb99ab012,"Sacola Kraft Natural 23,5x31,5cm",0.32 m,
e712d163-f7c8-4bba-9c39-059e66939e0c,"Salsicha Longuette Seara Pacote 500g C/10 Unidades",500 g,5000 g
e7984052-4cf7-40ad-ac4b-16cbf7d8b7b3,"Iogurte Parcialmente Desnatado com Mel Nestlé 340g 4 Unidades",340 g,
e7b14e6b-04aa-4981-803d-4dcbf553a6ed,"Chá Mate Guaraná LeãO Recarrega Caixa 16g 10 Unidades",16 g,
e7c886f3-e30f-4475-a058-9aa8661ba83b,"Desodorante Roll-On Dove Men+Care 50ml - Pack com 2 Unidades",50 ml,100 ml
e7d5fc8d-15af-41a7-b33f-95744cd6c049,"Saco para Lixo em Rolo KS Flex 30l C/20 Unidades",30000 ml,20 un
e7ea6fe0-d2c7-4d7f-a5f5-31909d800d7a,"Toalha Papel Quick Culinaria 3x50 Toalhas 20x20cm",0.2 m,
e7ff11b9-b207-41b6-99f2-a3910422a3d7,"Fermento Químico Pó Ventura Caixa 10kg 10 Unidades",10000 g,
e8099793-aef5-4614-b4b4-cbd632beda04,"Bala Halls Menta Caixa Com 21 Unidades De 28g",28 g,588 g
e82811f3-6380-41fc-bd28-254eb0159f66,"Detergente líquido Ypê 500ml com 6 unidades",500 ml,3000 ml
e828746b-e0d1-40b9-9468-6f1d2333ba12,"Guardanapo De Papel Elly 32x30cm",0.3 m,
e833f506-0dc1-4598-97f5-a03d4bec3059,"Tigela de Vidro Em Casa Tem Lines 25X10,5cm",0.11 m,
e83ac7e5-6bf4-4e6d-8d99-301dd2fd5649,"Jogo Taça Vidro Em Casa Tem 385ml com 6 Unidades",385 ml,6 un
e8a76054-9094-4694-a91a-e5b5f5037454,"Rodo Zapelim 30cm",0.3 m,
e8ebcc72-521f-436a-bc11-13c250298328,"Bala de Gelatina Tubes Morango com 12x15g cada Fini",180 g,15 g
e914ec3f-7988-4c51-9a30-1e7159ebd2d8,"Guardanapo Elos 50un. 30x32cm",0.32 m,50 un
e95c7b34-2d61-48ae-a538-addf0b7ee8b0,"Rodo Zapelim 30cm",0.3 m,
e9712eff-4ff1-41c0-8e85-9a040c2751a2,"Palito Mastigável Médio para Cães Leite Deliciosso Baby 200g 20 Unidades",200 g,
e98f2d0e-1f3a-4d18-aa4c-c6e9c9a926cd,"Papel Alumínio Wyda 30x7,5cm Unidade",0.08 m,
e98f5ea2-774e-468e-b019-cc25f8059e7f,"Saco de Lixo Kid Roll 30l Rolo C/20 Unidades",30000 ml,20 un
e9b55e09-de4d-4842-be4f-ff565fb9e229,"Mochaccino Em CáPsula Kopenhagen Lajotinha Nescafé Dolce Gusto Caixa 170g 10 Unidades",170 g,
e9c0b2b4-9cea-42eb-8234-f2e6f3e65c13,"Queijo Processado UHT Prato Light Polenghi Sandwich-In 144g 8 Unidades",144 g,
e9d828e0-7abe-4078-9a20-8bcc843ddc66,"Adoçante Diet Sucralose União Sachê 0,6g 400 Unidades",0.6 g,240 g
ea13d1be-da00-4a54-88a7-36194d7adcd3,"Colher Espátula Silicone Catuaí Vermelha 28cm",0.28 m,
ea1e5166-4465-4f10-be19-f34b13229c58,"Iogurte Grego Integral Morango + Tradicional Batavo Bandeja 510g 6 Unidades 85g Cada",85 g,510 g
ea58e72a-6bef-4f75-a3f1-63a6de096f3f,"Hambúrguer Vegetal Burger Futuro Fininho Fazenda Futuro Caixa 336g C/6 Unidades",336 g,2016 g
ea6cf828-b0dd-4ac6-9c3e-530073d40d17,"Assento Eames Preto e Onix Burdays 45x52x42,5cm",0.43 m,
eab0ba2f-bf31-41c5-9353-89cad0b493e0,"Sabão Barra Glicerinado Minuano 160g 5 Unidades",160 g,
eafd2270-7ec4-4609-9817-bec0105f1a19,"Torrada Integral Marilan Lev Magic Toast Pacote 110g 6 Unidades",110 g,
eb1c44d8-ed28-41a9-ad03-e5a4c1c9912a,"Chá De Boldo Chileno Caixa 10g 10 Unidades",10 g,
eb37c7f7-1950-42e6-ac36-fe577c9c0ce6,"Bold Pistache 40g (Caixa 12 Unid.)",40 g,
eb556224-37b3-4d88-b678-07191e933a49,"Jogo de Copos Transparente Burdays 300ml 6 Unidades",300 ml,6 un
eb77273f-6806-42a4-af9f-e9e2ed16546f,"Kit 2 Alimentos para Cães Adultos Raças Pequenas Carne + 2 Frango + 1 Cordeiro ao Molho Pedigree 100g Cada Leve 5 Pague 4 Unidades",100 g,400 g
eb7b0b7c-c6e8-443c-8f5b-13f62addcff5,"Saco Lixo Resistente Embalixo 50L 20un.",50000 ml,20 un
eba61f82-7406-41b7-b324-a831f68dde3b,"Guarana Antarctica Zero Pet 200ml Sh C/12",200 ml,2400 ml
eba9f6a2-d479-4ab9-a70b-e480ea82fd58,"Espeto Churrasco Mor Simples 75cm",0.75 m,
ebc6bb3d-db72-48fb-8b39-11d50b224c91,"Jogo de taças de vidro Agata Clear 340ml com 6 unidades",340 ml,6 un
ebd3873c-9269-45d9-b3e9-03ccf4b4e629,"Rodo Pratik 40cm",0.4 m,
ec03d256-ce5c-4e70-8fe1-803d07de21e3,"Leite Fermentado Desnatado Ameixa Triplo Zero Activia Bandeja 510g C/6 Unidades",510 g,3060 g
ec116939-95f0-41f0-9e33-dd69c516d766,"Bandeja Retangular Articulada Rioplastic 250ml 24 Unidades",250 ml,24 un
ec1402b3-047a-4ede-b25e-2c2227807cc0,"Sabonete em Barra Nivea Hidratante Leite 6 unidades 85g",85 g,
ec22422d-7864-4860-b0f5-3849d48fb8bf,"Maraca Copa 17cm",0.17 m,
ec9e3150-318a-42e4-8177-31eac6108cfe,"Jogo Taças Sorvete Austin 250ml Com 6 Unidades",250 ml,6 un
ecbca326-baeb-4803-a16f-a1544f8fead0,"Sobremesa Láctea Flan Calda de Caramelo Batavo Bandeja 200g 2 Unidades",200 g,
ece70dfb-1282-482f-8fa8-3a0d1319c002,"Prato Plástico Vermelho Valves Festas 15cm C/10 Unidades",0.15 m,10 un
ece93438-f905-488b-a5a2-1a40d660b8fe,"Sobremesa Láctea Chocolate Chandelle Nestlé Bandeja 180g C/2 Unidades",180 g,360 g
ed153237-e28d-43ff-8f5a-c3f86d254438,"Copo Plástico Descartável Facilita & Pronto Transparente c/50 unidades 330ml",330 ml,16500 ml
ed309ee3-0a9c-4176-af25-bab62b4fd48f,"Guardanapo Elos Tv 2000un 14X14cm",0.14 m,2000 un
ed4f03a6-8c42-4073-a4e7-931b4ee61b33,"Saco Lixo Super Lixo 30l C/10 Unidades",30000 ml,10 un
ed6bfdb1-eba8-4016-9cb2-b6f95c9fe125,"Extensão Elétrica Preta Cabo PP Plano Megatron 3m",3 m,
ed8a725a-b436-4f46-b401-5310b320ce25,"Café em Cápsula Torrado e Moído Espresso Roast Starbucks Caixa 55g C/10 Unidades",55 g,550 g
ed8e837b-d658-46e5-a927-706b887923ee,"Caixa para Pizza Pardo 25 cm São José 25 Unidades",0.25 m,25 un
edab1a45-6f09-4cdc-98cf-047f2781be75,"Caixa Cerveja Lata 12 Unidades 350ml Budweiser",350 ml,
edb00fdb-c86a-4404-8842-b2a4842c8e65,"Dipirona Sodica 500mg C/10 Comp Nova Quimica",0.5 g,5 g
edb62e9d-8428-473e-beca-c8b8a266eec6,"Extrato de Tomate Elefante 300g com 02 Unidades",300 g,600 g
edc1ed85-77ae-4791-a844-514db5f63e12,"Bananinha Tradicional Zero Adição de Açúcares Oliveira 22g 24 Unidades",22 g,
ee40774d-fdb0-4add-947d-6569f406bda3,"Jogo de Taças Sorvete California 250ml com 6 unidades",250 ml,1500 ml
ee573da7-97ab-490d-9e8f-8f169e44070b,"Chocolate Mais Cookies n Creme Hersheys 102g 3 Unidades",102 g,
ee63f6cb-ff7f-4053-ba78-970623bd418b,"Refrig Fanta Zero 350m",350 m,
ee653f33-19be-4a8b-901c-b8249e38aebb,"Rodo Paulistinha 30cm",0.3 m,
ee7eb928-72e6-4ab6-a6fb-7e6f8fbf7c84,"Goma de Mascar Fresh Mint Mentos Pure Fresh Pote 56g C/28 Unidades",56 g,1568 g
eeb4b279-1d8b-4941-9bcb-ac4fd3ae2fcf,"Saco de Lixo Embalixo Extra Resistente 50L com 2 Unidades",50000 ml,2 un
eeb6c9ee-29b0-4981-88fe-c556be35c6ff,"Creme Dental para Sensibilidade Colgate Sensitive Pro Alívio Imediato Original 90g 3 unidades",90 g,
eebf213f-7b71-4265-b5b5-d5d184c27527,"Wok Fundo em Alumínio Brinox Verde 24cm",0.24 m,
ef36ff7b-9ac7-49c3-b3a5-67b348f8ed70,"Rodo Plástico Select 60cm 1 Unidade",0.6 m,1 un
ef37bb0d-b9e6-4736-888b-bd92e38fbcb0,"Sabonete Líquido Intimo Floral Beauty Soft Fix 200ml 2 Unidades",200 ml,
ef6095be-2dcc-4c84-a59c-198b3346a197,"Queijo Cremoso Polenguinho Fresco 68g 4 Unidades",68 g,
efc4af71-08a2-42ac-ab2d-9b2cedc3d859,"Rodo Polial 30cm",0.3 m,
f01422dc-3d26-48f0-9a12-0e9e2fda51d1,"Goma de Mascar Fresh Mint Mentos Pure Fresh Pote 56g C/28 Unidades",56 g,1568 g
f02e5de5-dae8-43aa-a8f4-3fd6d71b60d4,"Pack Cerveja Lager Budweiser Lata 6 Unidades 310ml Cada",310 ml,1860 ml
f07425f5-81b1-4d5d-8e87-f6348db35752,"Kit Cálice + Cerveja Puro Malte Stella Artois 8 Unidades 269ml Cada",269 ml,2152 ml
f0aba4b8-382b-4989-9cf0-f8b91877326f,"Leite Fermentado Morango Bob Esponja Elegê 80g 6 Unidades",80 g,
f0d56cd6-48a4-453b-b457-561f41f00e69,"Bebida Láctea UHT Chocolate Nescau Caixa 1,62l - Embalagem Leve 9 Pague 8 Unidades",1620 ml,
f14308e4-d835-4cad-8ccc-764f60202b2b,"Saco de Lixo com Alça Bloqueadora de Odores Embalixo 50L 20un.",50000 ml,20 un
f1690b9c-09dd-44d4-b3c4-59106d977478,"Caneca Uni-art Gel Stella Artois 450ml Ref.7621 UN",450 ml,
f16bf879-caae-434a-b572-61c2bd12b619,"Saco Hermético ZipBag Pequeno Wyda 17x15cm C/15 Unidades",0.15 m,15 un
f1dcb9eb-20c6-4d8d-8797-ad43b37d696e,"Sabonete em Barra Protex Aveia + Prebiótico 6un 85g",85 g,
f1eda80b-f58c-4a18-8093-55a3e8e8140d,"Hambúrguer Vegetal Defumado Futuro Burger Fazenda Futuro Bandeja 230g C/2 Unidades",230 g,460 g
f1f4363a-18bc-48b9-ab15-babea7d01187,"Panquequeira Tramontina Linz ou Turim 22cm",0.22 m,
f22bd9c6-039e-4ffa-b76f-d80bd5c3f4f3,"Kit Pote Hermético para Microondas Dup 500ml 3 Unidades",500 ml,3 un
f244624e-cc12-4c3c-bbea-21e20d48e45c,"Frigideira Alumínio Antiad Tramontina Turim Vermelha 20cm",0.2 m,
f25f4af3-d044-402a-b1b3-d256e4d985bd,"Vitamina B Complex em Cápsula Nutrify Pote 42g C/60 Unidades",42 g,2520 g
f2981cfc-7eac-4e90-8d49-82e52e5b836a,"Copo Plástico Transparente Bellocopo 180ml C/100 Unidades",180 ml,100 un
f2a2d44b-e764-4ade-8a6b-bfa3faf1500c,"Sobremesa Láctea Chocolate Vigor Pote 180g 2 Unidades",180 g,
f2b76434-298e-4b18-8f65-3f53d593541d,"Waffle Tradicional Forno de Minas Pacote 280g C/8 Unidades",280 g,2240 g
f2eaff93-f6a1-4e29-b775-766ca5e22d57,"Prato Descartável Bopack Verde 15cm Com 10 Unidades",0.15 m,10 un
f301aaa9-6700-4d2a-a585-b4dbcc232e08,"Saco Xadrez c/ 3un 40X65cm Cp",0.65 m,3 un
f331360c-a546-4645-af38-7a30077bfc0e,"Tempero Pó para Arroz Knorr 50g 10 Unidades",50 g,
f33e9a77-d765-4d3a-a922-c7d7b0e2a22a,"Pack Cerveja Puro Malte Stella Artois Caixa 15 Unidades 410ml Cada",410 ml,6150 ml
f3431334-daa0-4362-a290-115341e8c96c,"Pipoqueira Vermelha com Tampa de Vidro Ramos 20cm",0.2 m,
f3b45d9d-43bf-42c1-86c3-2a352bc5a38a,"Sabonete em Barra Antibacteriano Protex Nutri Protect Ômega 3 8 un de 85g Promo Leve Mais Pague Menos",85 g,680 g
f3e2e104-c04b-4c1a-af25-29dd7ff21553,"Lã de Aço Assolan 45g c/8 Unidades",45 g,360 g
f44eb50f-9080-42b5-bdce-3d18a750f522,"Ômega 3 em Cápsula Nutrify Pote 84g 60 Unidades",84 g,
f4708a0d-a9ad-488c-ac08-a89605dec4a0,"Sobremesa Láctea Chocolate Chandelle Nestlé Bandeja 180g C/2 Unidades",180 g,360 g
f47fac0e-8e90-4382-a0be-9c0b99dc2425,"Sacola Plástica 38x48cm Rioplastic 500 Unidades",0.48 m,500 un
f48a6b69-eb63-4ea4-b886-c707a22d8b1f,"Sabonete Líquido Protex Cuidado Íntimo Delicate Care 200ml 2un",200 ml,
f48f741f-a5ca-4a84-a8a9-7944b9301946,"Forma De Alumínio Com Tampa Bompack 250ml Com 10 unidades",250 ml,10 un
f533c1e8-b4a7-429d-8c70-360556f45208,"Biscoito Cebola Caramelizada Club Social 141g 6 Unidades",141 g,
f535e19f-ff83-480f-aa31-079ce6aeafab,"Lava Tudo Inox Catuaí 28cm",0.28 m,
f53eef58-4356-4430-a34a-3fca3e367e5c,"Mostarda Tradicional Ekma Sache 7g - Pacote com 140 Unidades",7 g,980 g
f5603d71-46f5-4ab4-b0a9-f9efc50ad94d,"Guaraná Antarctica 1L Pack C/ 2 Unidades",1000 ml,2000 ml
f5aa36ec-c111-461b-a4df-7c235c964565,"Pack Creme Dental Extra Fresh Oral-B Caixa 3 Unidades 70g Cada Família",70 g,210 g
f5ac8169-66ea-464c-bf34-a89d0b772119,"Porta Travesseiro MCF Estampado Burdays 70x50 cm",0.5 m,
f5c67b65-b06a-4279-b682-658bad5f2501,"Iogurte Natural - 160g C/ 24",160 g,3840 g
f62a9b1d-c35e-4790-a2c4-85326fd23fc2,"Tapete Sortido Idee Home 40x60cm",0.6 m,
f685fb3f-2aaa-4af8-97a0-eaa9f2d7c25f,"Guardanapo Mili 30 X 29,5Cm 50 Unidades",0.3 m,50 un
f68d6a23-82e1-4330-b4d9-a984645d920a,"Creme dental Colgate Pro Alívio 90g leve 3 pague 2 unidades",90 g,
f695128f-9034-4bf4-8d05-898fa6c01e4f,"Prato para Sobremesa Acqua 5329 Nadir 19cm",0.19 m,
f6984751-b610-4aae-8c78-1fdcf54a3300,"Pack Sabonete Barra Hidratante Dove Pele Sensível Envoltório 540g 6 Unidades 90g Cada",90 g,540 g
f6efaa6a-4313-4271-8fb9-f2eca8ecce83,"Guardanapo Mili Bistrô 30X29,5Cm 50 Unidades",0.3 m,50 un
f6f8b9a8-da77-4b81-a7b7-07540be4e2cf,"Kit Colcha Queen Mic Poá Burdays 2,40x2,60m 3 Peças",2.6 m,
f7605d4e-524a-4adb-a1e4-ca60637cc6c4,"Assento Eames Eloisa Burdays 45x52x42,5cm",0.43 m,
f76e8389-ca1f-45df-b7fd-218678195905,"Queijo Polenguinho Tradicional C/24un 408g",408 g,
f780b81b-d3cb-4ee6-8172-78ed1c859ce1,"Café em Cápsula Torrado e Moído Espresso Avelã L'or Flavours Collection Caixa 52g 10 Unidades",52 g,
f7bf49e4-98cb-43af-978b-f4648b71d025,"Chiclete Trident XSenses Intense Sem Açúcar 8g - Embalagem com 5 unid.",8 g,40 g
f7d6f6fb-6ed1-43ff-813b-bdabc60ad4d5,"Saco Freezer Wyda C/100 27,5x40cm",0.4 m,
f80a4143-112d-407a-a2c4-ef0be8c57693,"Pano De Prato Itatex 40cmx68cm",0.68 m,
f83306e3-1452-4f70-9718-c93be91178fc,"Ventilador de Mesa Ventisol Turbo 6 127V 40cm",0.4 m,
f85852e2-8d6e-4219-91e4-ab09ea50218d,"Frigideira Funda Loreto Bege Tramontina 24cm",0.24 m,
f8648144-c581-4850-b759-5cb819becc6d,"Toalha Visita Ciranda Teka 23x38cm - Sortida",0.38 m,
f87aa190-ab45-4608-b7aa-8b10406ad05d,"Saco Lixo Pra Lixo 42x60cm",0.6 m,
f8883757-dbb4-4d3d-a967-19480f23cd63,"Bobina Picotada 30x40cm Embalibag 500 Unidades",0.4 m,500 un
f8f11791-68c9-4230-8c75-066d3a748c1e,"Cerveja Skol Pilsen Fardo C/12 Unidades 350ml",350 ml,4200 ml
f8ff9b37-e5b7-4eab-ab99-b45d47922857,"Pano Prato As 42x65cm",0.65 m,
f926c52c-bb85-44c3-93d8-53f9c7806065,"Pack Cerveja Brahma Chopp Lata 15 Unidades 310ml Cada",310 ml,4650 ml
f937c312-bb1d-4822-981b-55fc92262319,"Creme Dental Colgate Total Anti Tártaro 3 unidades 90g",90 g,
f9553cce-ee52-4868-9de5-a50df892e4c1,"Batedor De Clara Inox 20cm Classic 123util",0.2 m,
f959c607-6c5e-47c2-a3b5-446e7db61a12,"Torrada Integral Azeite E Ervas Bauducco Toast Pacote 128g 6 Unidades",128 g,
f9b4fff8-ac3d-40e4-8e72-206263135cad,"Sobremesa Láctea com Calda Caramelo Flan Batavo 400g 4 Unidades",400 g,
f9c6d91b-80b3-4286-b80a-2a107c4862ae,"Guardanapo Folha Dupla Select 50un 22X24cm",0.24 m,50 un
f9e99d2f-00b1-4b3c-a360-01cfddf0c735,"Guardanapo De Papel Dupla Camada 33x33cm Jardim",0.33 m,
f9edd4de-d741-4cc3-98a7-5a605edf4d02,"Chá Mate Tostado Original Matte LeãO Caixa 40g 25 Unidades",40 g,
fa205804-7061-4b2a-a5ab-f52698f9e49b,"Saco Para Lixo Tipo B 30l Condor 10 Unidades EconôMico",30000 ml,
fa206128-c1b0-4d52-8563-e91195935e93,"Chá Hortelã Chá LeãO Caixa 10g 10 Unidades",10 g,
fa36c597-8432-4a68-a561-e57c62bc2963,"Judy Pet Samba Toys 32cm",0.32 m,
fa4c4e2e-1483-41d5-aba7-a11dcfd5d7bf,"Chá Morango e Laranja Chá Leão Caixa 23g 10 Unidades",23 g,
fa665fc7-086a-438f-895a-57b0909804a4,"Caderno Univ Cd 10m 140 Fls",10 m,
fa76c2e1-80ff-4af8-b8bc-a713470e1385,"Hambúrguer de Carne Mista Brasil Burger Caixa 36un x 56g",56 g,
fa7f6acd-6dfd-42e6-8422-7b404475c539,"Chiclete Trident Tutti-frutti Sem Açúcar - Caixa com 21 unid. de 8g",8 g,168 g
fa872581-953f-4f5d-9e8e-99da51e90221,"Mistura Para Bolo Laranja Lowçucar Caixa 300g 2 Unidades",300 g,
faca8f1b-dd0d-4d65-87d4-bf3a9b08d939,"Guardanapo Folha Simples Select 20x22cm 50 Unidades",0.22 m,50 un
fae9dff4-cab7-490b-840f-6d5685c0dee1,"Kit Lubrificante Íntimo Gel K-Med Trio Caixa C/3 Unidades 50g Cada",50 g,150 g
fb5adf0d-7d7f-4a54-a7b6-00c76fd3a9ad,"Ventilador de Mesa 30cm Super Power Mondial Preto 60W 110V - VSP-30-B",0.3 m,
fb707eee-9538-43ef-94e2-ab9f719b2c4c,"Saco Lixo Econômico Rolo Preto Embalixo 50L 80un. + 20un Grátis",50000 ml,80 un
fba2b2ab-5c65-4bef-bbca-0c8420b732a1,"Colher Para Espaguete Em Inox 33cm",0.33 m,
fbb44840-deb0-4323-82dd-911d87fc44fd,"Desodorante Roll On Rexona feminino Powder 50ml Com 2 Unidades 50% Desconto Na Segunda Unidade",50 ml,100 ml
fbe79f04-6192-4473-96ad-1f550621862a,"Sabonete em Barra Palmolive Naturals Toque Nutritivo Framboesa e Amora 6un 85g",85 g,
fc319851-6c61-4eee-804b-abb279c28f63,"Prato Fundo Menu Opaline Duralex Nadir Figueiredo 23cm",0.23 m,
fc38edee-4347-4941-9ddb-c6eb173b21f0,"Sabonete em Barra Protex Balance Saudável 85g 6 unidades",85 g,
fc4ba4c9-fd15-4419-8bfe-4bd4aa294ce6,"Adoçante Líquido Linea 60ml Stevia 50% Desconto 2 Unidade",60 ml,
fc5d24a8-35ae-4df9-a74f-5f3721f84e21,"Pack Cerveja Pilsner Duplo Malte Brahma Lata 15 Unidades 310ml Cada",310 ml,4650 ml
fc73b609-e25a-4d38-a6c6-427609113cb3,"Espátula Vazada de Silicone Catuai 28cm - Utensílio de Cozinha Antiaderente",0.28 m,
fcb15257-bcc7-488e-b69c-de55536e7d93,"Biscoito BelVita Leite E Aveia Multipack 75g com 3 Unidades de 25g",25 g,75 g
fcda4cc2-e4ec-4fe1-b86c-8dd73d85e435,"Pack Sabonete Barra Perfumado Flor de Maçã e Framboesa Flor de Ypê Envoltório 340g 4 Unidades 85g Cada",85 g,340 g
fce42bc6-93d6-4292-b928-f02c0a88a207,"Balão Metalizado Junco Coração 45cm Tamanho 16",0.45 m,
fcf4de92-f5ca-4838-b9eb-6d82b644e9ea,"Fanta Laranja Pet 3l CX C/04",3000 ml,12000 ml
fcfb4f2e-8809-44cd-a3a2-658f27d24d71,"Iogurte Desnatado Morango + Ameixa + Maçã Zero Lactose Itambé Bandeja 510g 6 Unidades 85g Cada",85 g,510 g
fd1f833b-9e9d-42dc-b9da-7a077339463a,"Pelúcia com Olho de Vidro 15cm Sortidos",0.15 m,
fd79accf-3123-4194-81d7-d44f5d0679b5,"Café em Cápsula Torrado e Moído Intenso 3 Corações Caixa 50g 10 Unidades",50 g,
fdcb41dc-3564-4135-b3e3-cb01fdb951cd,"Saco para Alimentos 2kg Facilita & Pronto 20 x 34cm C/50 Unidades",0.34 m,50 un
fe7f6a50-2755-43ab-9b01-d22c6a44c41c,"Pelúcia Mini 15cm Sortidos",0.15 m,
fe8401fc-1114-4513-9b33-fae6583707c6,"Tapete Porta Emborrachado BENECASA Sortido 40cm x 60cm",0.6 m,
fe84b101-0619-4f40-84d8-48b37ffe01b2,"Pano Prato As 50x75cm",0.75 m,
feae6b5d-9e5a-4b37-bbae-233337dda646,"Colchão Bronzeador Liso Belfix 183X69cm",0.69 m,
ff53400b-1f83-459b-afa8-f31d67e04f03,"Café em Cápsula Torrado e Moído Colômbia Single-Origin Starbucks Caixa 101g C/18 Unidades",101 g,1818 g
ff580e1a-d0b5-4e3f-86bd-1a2432064297,"Cerv Corona Extra Ln 330ml C/6",330 ml,1980 ml
ffbf3e1e-ccff-414b-a76e-92a9a4235e44,"Assadeira Polida Red Alta Ramos 30cm",0.3 m,
ffdc75fe-eb07-42ec-8ee0-821e5005013a,"Alimento para Gatos Adultos Frango e Salmão Petiscos Cremosos Sheba Envelope 24g C/2 Unidades",24 g,48 g
fff7a374-bf85-4df6-b5d8-6cf059f5d067,"Prato Descartável Fundo 15cm Kerocopo 10 Unidades",0.15 m,10 un